businessZones,companyFullName,companyId,companyShortName,companySize,createTime,district,education,financeStage,industryField,positionName,salary
,成都玛尔斯科技有限公司,420697,成都玛尔斯科技有限公司,15-50人,2019-09-20 14:11:39,武侯区,本科,未融资,"移动互联网,社交",Python开发工程师,14k-18k
['猛追湾'],新疆格瑞迪斯石油技术股份有限公司成都分公司,82892751,格瑞迪斯,150-500人,2019-09-19 18:09:34,锦江区,不限,B轮,"人工智能,软件开发",python后端,6k-12k
,成都晓多科技有限公司,85491,成都晓多科技有限公司,500-2000人,2019-09-20 16:42:23,高新区,本科,B轮,"企业服务,数据服务",python开发工程师,15k-30k
['华阳'],成都聚思力信息技术有限公司,204171,成都聚思力信息技术有限公司,500-2000人,2019-09-20 16:59:13,高新区,本科,上市公司,"移动互联网,电商",python开发工程师,10k-20k
,成都益嘉互动网络科技有限公司,568158,成都益嘉互动网络科技有限公司,15-50人,2019-09-19 10:22:33,高新区,大专,未融资,"移动互联网,游戏",python开发工程师,10k-15k
"['神仙树', '桐梓林', '紫荆']",中通服创立信息科技有限责任公司,43372,创立科技,500-2000人,2019-09-19 14:11:49,武侯区,大专,上市公司,"移动互联网,硬件",python开发工程师,9k-13k
,深圳市杉岩数据技术有限公司,71639,杉岩数据,50-150人,2019-09-20 12:14:25,武侯区,本科,B轮,"企业服务,数据服务",pyhton开发,13k-18k
,成都数之联科技有限公司,58647,成都数之联科技有限公司,150-500人,2019-09-10 11:49:46,高新区,本科,B轮,"移动互联网,数据服务",Python开发工程师,12k-18k
['石羊'],成都欧督系统科技有限公司,125511,欧督（成都）,50-150人,2019-09-19 16:48:13,高新区,本科,天使轮,"企业服务,电商",python开发,12k-24k
,成都无糖信息技术有限公司,249048,无糖信息,50-150人,2019-09-18 16:35:48,高新区,不限,A轮,"信息安全,数据服务",Python开发工程师,7k-12k
,微慕客（成都）科技有限公司,749413,微慕客（成都）科技有限公司,50-150人,2019-09-20 18:04:44,双流县,本科,不需要融资,数据服务,python开发工程师,8k-12k
"['公平', '涌泉']",成都成电医星数字健康软件有限公司,137417,成电医星,150-500人,2019-09-18 14:44:22,温江区,本科,上市公司,医疗丨健康,python开发,7k-9k
,成都宽邦科技有限公司,182860,宽邦（BigQuant）,50-150人,2019-09-18 10:50:19,高新区,本科,不需要融资,"金融,数据服务",Python开发工程师,8k-15k
,北京棕榈创想科技有限公司,106289,PALMAX,150-500人,2019-09-20 18:45:57,高新区,本科,A轮,移动互联网,python开发工程师,10k-20k
,成都思而科软件有限公司,74643,思而科,50-150人,2019-09-20 11:43:49,武侯区,本科,未融资,电商,python开发工程师,8k-15k
"['机投桥', '金花桥']",四川弘和通讯有限公司,16815,四川弘和集团,150-500人,2019-09-20 17:57:49,武侯区,本科,未融资,移动互联网,python开发,10k-15k
,成都新希望金融科技有限公司,388913,希望金科,150-500人,2019-09-19 16:42:56,高新区,本科,不需要融资,"移动互联网,金融",Python工程师,15k-25k
['玉林'],云南南天电子信息产业股份有限公司成都分公司,260435,南天信息,50-150人,2019-09-19 10:57:38,高新区,本科,上市公司,其他,python开发工程师,10k-14k
,成都凡特赛科技有限公司,181512,众智联邦,150-500人,2019-09-03 09:16:59,高新区,本科,不需要融资,"移动互联网,金融",python开发工程师,3k-6k
,康卫通信息科技成都有限公司,766951,康卫通,50-150人,2019-09-20 08:27:31,高新区,大专,不需要融资,"数据服务,软件开发",Python高级开发工程师,10k-15k
,成都无糖信息技术有限公司,249048,无糖信息,50-150人,2019-09-18 16:44:28,高新区,大专,A轮,"信息安全,数据服务",高级python开发工程师,9k-14k
['龙泉'],四川国蓝中天环境科技集团有限公司,737394,国蓝中天,50-150人,2019-09-20 09:32:40,龙泉驿区,本科,未融资,数据服务、人工智能,python中高级工程师,10k-14k
,成都知道创宇信息技术有限公司,53142,知道创宇,500-2000人,2019-09-19 10:17:24,高新区,不限,C轮,信息安全,高级 python 开发工程师(J10375),13k-20k
['肖家河'],成都市肆零肆网络科技有限公司,199953,成都肆零肆,50-150人,2019-09-20 17:53:12,武侯区,本科,未融资,"信息安全,数据服务",Python高级开发工程师,10k-18k
,成都蜗牛创想科技有限公司,176248,信息技术、软件开发、测试及应用,50-150人,2019-09-19 14:36:29,高新区,本科,不需要融资,"移动互联网,教育",Python讲师,12k-18k
,新电信息科技（成都）有限公司,69471,NCS,500-2000人,2019-09-20 09:06:16,高新区,本科,不需要融资,企业服务,Python Intern,2k-3k
,成都萌想科技有限责任公司,21511,萌想科技,150-500人,2019-09-20 17:01:18,高新区,本科,B轮,企业服务,python后端开发工程师,8k-15k
,成都娄外科技有限公司,281404,西瓜创客,500-2000人,2019-09-21 10:19:54,高新区,本科,B轮,教育,Python编程策划,8k-12k
,北京神州绿盟信息安全科技股份有限公司,30648,绿盟科技,500-2000人,2019-09-16 11:56:45,高新区,本科,上市公司,信息安全,C/C++/Python开发工程师（成都）-CSS,10k-18k
,成都蜗牛创想科技有限公司,176248,信息技术、软件开发、测试及应用,50-150人,2019-09-19 14:36:29,高新区,本科,不需要融资,"移动互联网,教育",python高级讲师,10k-18k
['柳江'],北京快跑信息科技有限公司,676,小猪,500-2000人,2019-09-11 18:07:08,锦江区,本科,D轮及以上,电商,Python开发实习生 (MJ000280),3k-4k
,成都民航西南凯亚有限责任公司,323977,西南凯亚,150-500人,2019-09-19 14:50:32,高新区,本科,不需要融资,"信息安全,其他",高级python自动化开发工程师,8k-10k
['石羊'],四川无声信息技术有限公司,40916,无声,150-500人,2019-09-20 16:48:25,高新区,本科,不需要融资,信息安全,高级python爬虫工程师,10k-12k
,成都知道创宇信息技术有限公司,53142,知道创宇,500-2000人,2019-09-03 13:37:30,高新区,不限,C轮,信息安全,服务器端(Python)研发工程师,10k-18k
,成都知道创宇信息技术有限公司,53142,知道创宇,500-2000人,2019-09-03 13:37:30,高新区,本科,C轮,信息安全,Python后端开发,8k-10k
,成都网盛天讯网络科技有限公司,297790,网盛天讯,15-50人,2019-09-19 16:35:49,高新区,不限,天使轮,"电商,移动互联网",Python开发工程师,8k-12k
,成都琛石科技有限公司,23007,实验楼,15-50人,2019-08-29 14:19:49,高新区,本科,A轮,"教育,数据服务",Python 研发工程师,8k-12k
,北京富能通科技有限公司,306540,富能通,50-150人,2019-09-02 09:45:28,高新区,不限,未融资,"企业服务,数据服务",python开发工程师,9k-13k
"['春熙路', '红星路']",爱猫爪网络科技（深圳）有限公司,309570,爱猫爪科技,少于15人,2019-09-11 15:07:10,锦江区,本科,未融资,"移动互联网,金融",python开发工程师,7k-10k
['华阳'],北京天广汇通科技有限公司成都分公司,270982,天广汇通,150-500人,2019-09-06 09:31:50,高新区,本科,不需要融资,"信息安全,数据服务",Python,10k-16k
['犀浦'],上海易宝软件有限公司南京分公司,24066,上海易宝,150-500人,2019-09-21 19:16:59,郫县,本科,未融资,移动互联网,python开发,10k-15k
,成都京波科技有限公司,328159,京波科技,15-50人,2019-09-18 11:14:03,高新区,本科,不需要融资,"移动互联网,游戏",高级python工程师,10k-18k
,深圳市意科特实业有限公司,111112,意科特,150-500人,2019-09-16 10:58:39,高新区,本科,不需要融资,"移动互联网,硬件",python开发-自然语言处理方向,8k-15k
,成都源代码教育咨询有限公司,43364,源代码,150-500人,2019-09-16 15:05:15,高新区,本科,不需要融资,教育,python讲师,10k-18k
,成都新希望金融科技有限公司,388913,希望金科,150-500人,2019-09-19 16:42:56,高新区,本科,不需要融资,"移动互联网,金融",后台研发工程师（go/Python）G00126,8k-11k
,成都美尔贝科技股份有限公司,271282,美呗,500-2000人,2019-09-20 09:46:58,高新区,本科,B轮,移动互联网,Python 开发实习生,2k-3k
,浙江企朋网络技术股份有限公司,210,企朋,150-500人,2019-09-20 14:30:54,武侯区,本科,不需要融资,"移动互联网,电商",后端工程师（Golang/Python）,15k-30k
"['紫荆', '桂溪', '桐梓林']",中森云链（成都）科技有限责任公司,431221,中森云链,50-150人,2019-09-09 10:08:37,武侯区,不限,天使轮,"移动互联网,人工智能",python教研老师,7k-9k
,成都英潭信息技术服务有限公司,167613,Intellisn,少于15人,2019-09-08 21:35:01,锦江区,本科,天使轮,硬件,Python 高级软件开发工程师,12k-18k
,深圳市意科特实业有限公司,111112,意科特,150-500人,2019-09-16 10:58:26,高新区,大专,不需要融资,"移动互联网,硬件",Python开发工程师Web方向,6k-12k
,四川聚派科技有限公司,188880,聚派,少于15人,2019-09-16 09:19:47,锦江区,本科,不需要融资,移动互联网,python后端,7k-10k
,达而观信息科技（上海）有限公司,97882,达观数据,150-500人,2019-09-20 10:06:18,双流县,本科,B轮,人工智能,高级开发工程师（python/C++）,15k-22k
,达而观信息科技（上海）有限公司,97882,达观数据,150-500人,2019-09-20 10:06:15,双流县,本科,B轮,人工智能,开发技术经理（python/C++）,20k-30k
,成都桃李天下科技有限公司,468467,桃李未来学院,15-50人,2019-09-11 14:04:46,高新区,大专,天使轮,"教育,人工智能",少儿编程Python实习教师,4k-8k
,深圳市意科特实业有限公司,111112,意科特,150-500人,2019-09-16 10:58:43,高新区,本科,不需要融资,"移动互联网,硬件",Python机器学习、深度学习、强化学习聊天机器人,8k-16k
,成都西加云杉科技有限公司,36913,西加云杉,150-500人,2019-09-16 09:03:56,高新区,本科,不需要融资,移动互联网,研发工程师(Python&amp;Shell),8k-12k
,成都新希望金融科技有限公司,388913,希望金科,150-500人,2019-09-19 16:42:57,锦江区,本科,不需要融资,"移动互联网,金融",GO高级工程师,18k-30k
,成都民航西南凯亚有限责任公司,323977,西南凯亚,150-500人,2019-09-20 09:08:31,高新区,本科,不需要融资,"信息安全,其他",大数据开发工程师,15k-22k
,成都试金石软件开发有限责任公司,465898,试金石软件,50-150人,2019-09-20 16:28:40,青羊区,本科,天使轮,"医疗丨健康,信息安全",软件开发工程师,10k-20k
"['桐梓林', '紫荆', '桂溪']",易智瑞（中国）信息技术有限公司,33854,Esri 中国,150-500人,2019-09-20 16:13:37,武侯区,本科,未融资,"企业服务,数据服务",C/S软件开发工程师,10k-15k
,成都卓杭网络科技股份有限公司,134300,成都卓杭,150-500人,2019-09-18 09:48:42,高新区,本科,不需要融资,"移动互联网,游戏",COCOS2D-X,10k-15k
,OPPO广东移动通信有限公司,6927,OPPO,2000人以上,2019-09-18 17:49:33,武侯区,本科,不需要融资,硬件,OS内核及虚拟化开发工程师（成都）,15k-30k
"['桂溪', '桐梓林']",北京芯盾时代科技有限公司,97399,Trusfort芯盾时代,150-500人,2019-09-20 09:48:15,武侯区,本科,C轮,"移动互联网,信息安全",大数据开发工程师,15k-25k
,厦门科拓通讯技术股份有限公司,211700,厦门科拓通讯技术股份有限公司,500-2000人,2019-09-21 16:09:38,武侯区,不限,不需要融资,"硬件,企业服务",大数据开发工程师,15k-25k
,成都卓杭网络科技股份有限公司,134300,成都卓杭,150-500人,2019-09-18 09:48:41,高新区,不限,不需要融资,"移动互联网,游戏",Cocos2D-X开发工程师,15k-30k
,紫光云技术有限公司,429600,紫光云,500-2000人,2019-09-20 10:42:23,双流县,不限,不需要融资,"移动互联网,数据服务",容器云研发工程师-00431,15k-25k
,多点生活（中国）网络科技有限公司,72555,多点Dmall,500-2000人,2019-09-20 16:13:36,高新区,本科,C轮,"电商,消费生活",大数据开发工程师,10k-20k
,成都二次元动漫有限公司,147086,二次元动漫,150-500人,2019-09-20 10:21:23,高新区,本科,不需要融资,"移动互联网,文娱丨内容",后端工程师,8k-16k
,北京平凯星辰科技发展有限公司,113568,PingCAP,150-500人,2019-09-17 11:13:05,高新区,本科,C轮,"数据服务,企业服务",TiDB 研发工程师,20k-40k
,瑞数信息技术（上海）有限公司,57260,瑞数信息,150-500人,2019-09-19 10:05:12,高新区,本科,C轮,信息安全,服务器开发工程师（C/C++ 开发）,10k-20k
,瑞数信息技术（上海）有限公司,57260,瑞数信息,150-500人,2019-09-19 10:05:11,高新区,本科,C轮,信息安全,服务端开发工程师,10k-20k
,平安科技（深圳）有限公司,24748,平安科技,2000人以上,2019-09-22 00:00:11,锦江区,本科,不需要融资,金融,1111C6-资深JAVA开发工程师,12k-24k
,上海维塔士电脑软件有限公司,26126,维塔士,500-2000人,2019-09-20 17:26:49,青羊区,本科,B轮,游戏,多人游戏 - 后端工程师,10k-15k
"['桐梓林', '紫荆', '桂溪']",易智瑞（中国）信息技术有限公司,33854,Esri 中国,150-500人,2019-09-20 16:13:37,武侯区,本科,未融资,"企业服务,数据服务",高级前端开发工程师,12k-18k
,成都格斗科技有限公司,123505,91Act,50-150人,2019-09-16 17:31:34,高新区,不限,不需要融资,游戏,后台／服务端／服务器开发工程师,15k-25k
,兴业数字金融服务（上海）股份有限公司,171273,兴业数金,500-2000人,2019-09-04 09:13:11,高新区,本科,不需要融资,"金融,移动互联网",研发环境工程师,10k-15k
,成都娄外科技有限公司,281404,西瓜创客,500-2000人,2019-09-18 09:05:37,高新区,本科,B轮,教育,大数据开发工程师,15k-30k
,贵州海康交通大数据有限公司,448156,海康交通大数据,50-150人,2019-09-20 18:18:41,双流区,不限,不需要融资,"移动互联网,数据服务",大数据开发工程师,12k-24k
['石羊'],四川无声信息技术有限公司,40916,无声,150-500人,2019-09-20 16:48:25,高新区,本科,不需要融资,信息安全,安全研发工程师,8k-15k
,时时同云科技（成都）有限责任公司,242106,时时同云科技（成都）有限责任公司,2000人以上,2019-09-20 18:20:52,高新区,本科,C轮,"移动互联网,消费生活",测试开发工程师(J12977),15k-25k
,要得源科技（成都）有限公司,500896,要得源科技（成都）有限公司,50-150人,2019-09-20 16:59:39,高新区,大专,未融资,"移动互联网,医疗丨健康",数据库研发工程师,6k-10k
"['桐梓林', '紫荆', '桂溪']",易智瑞（中国）信息技术有限公司,33854,Esri 中国,150-500人,2019-09-20 16:13:38,武侯区,本科,未融资,"企业服务,数据服务",web前端开发工程师,13k-20k
,成都网阔信息技术股份有限公司,36326,成都网阔,150-500人,2019-09-20 10:31:13,武侯区,不限,上市公司,"移动互联网,企业服务",java开发工程师（中高级）,8k-14k
,北京创新数智科技有限公司,528171,创新数智,15-50人,2019-09-20 12:13:58,高新区,本科,不需要融资,数据服务,大数据高级开发工程师,15k-21k
,OPPO广东移动通信有限公司,6927,OPPO,2000人以上,2019-09-10 20:30:59,高新区,本科,不需要融资,硬件,测试开发工程师（成都）,20k-35k
,北京字节跳动科技有限公司,62,字节跳动,2000人以上,2019-09-22 06:40:52,高新区,本科,C轮,文娱丨内容,资深后台研发工程师,30k-60k
,北京亿佰教育科技有限公司,102581,100课堂,150-500人,2019-09-21 10:32:21,高新区,本科,A轮,"移动互联网,教育",后端开发工程师,15k-25k
,成都萌想科技有限责任公司,21511,萌想科技,150-500人,2019-09-20 17:01:18,高新区,本科,B轮,企业服务,产研方向前端开发工程师,9k-15k
,北京好呗呗网络科技有限公司,318913,好呗呗,50-150人,2019-09-11 11:44:06,高新区,本科,未融资,移动互联网,后台/服务器/API开发工程师,14k-18k
,北京字节跳动科技有限公司,62,字节跳动,2000人以上,2019-09-22 06:35:17,高新区,本科,C轮,文娱丨内容,后台研发工程师,20k-40k
,深圳市汇合发展有限公司,296391,汇合,2000人以上,2019-09-21 21:08:24,武侯区,本科,不需要融资,"企业服务,金融",自动化开发,7k-11k
,北京国研网信息股份有限公司,374777,国研网,150-500人,2019-09-20 10:07:31,高新区,本科,上市公司,"企业服务,数据服务",高级爬虫开发工程师,14k-18k
,兴业数字金融服务（上海）股份有限公司,171273,兴业数金,500-2000人,2019-09-04 09:11:18,高新区,不限,不需要融资,"金融,移动互联网",研发工程师,11k-18k
,深圳市汇合发展有限公司,296391,汇合,2000人以上,2019-09-21 21:08:24,武侯区,本科,不需要融资,"企业服务,金融",云平台测试工程师,10k-15k
,深圳市慧择时代科技有限公司,111387,慧择网,500-2000人,2019-09-21 21:09:59,高新区,本科,B轮,"移动互联网,电商",NLP算法工程师,20k-30k
,兴业数字金融服务（上海）股份有限公司,171273,兴业数金,500-2000人,2019-09-04 09:13:11,高新区,本科,不需要融资,"金融,移动互联网",研发环境工程师,10k-15k
,北京市商汤科技开发有限公司,40459,商汤科技,2000人以上,2019-09-16 08:27:02,双流区,本科,C轮,人工智能,分布式平台开发工程师,20k-40k
,杭州初灵信息技术股份有限公司,150192,初灵信息,500-2000人,2019-09-04 15:10:04,高新区,本科,上市公司,"移动互联网,数据服务",NFV/SDN研发工程师,15k-30k
,成都娄外科技有限公司,281404,西瓜创客,500-2000人,2019-09-18 09:05:37,高新区,不限,B轮,教育,后端开发工程师,10k-20k
,腾讯科技（深圳）有限公司,451,腾讯,2000人以上,2019-09-17 16:09:38,高新区,不限,上市公司,社交,腾讯云数据库研发高级工程师,20k-40k
,成都尼毕鲁科技股份有限公司,6868,tap4fun,500-2000人,2019-09-11 14:55:06,高新区,本科,不需要融资,游戏,移动端软件开发工程师,15k-30k
"['双楠', '高升桥']",竹间智能科技（上海）有限公司,98800,竹间智能科技(上海)有限公司,150-500人,2019-09-18 11:56:25,武侯区,硕士,B轮,"移动互联网,其他",技术经理,25k-40k
,成都娄外科技有限公司,281404,西瓜创客,500-2000人,2019-09-18 09:05:37,高新区,本科,B轮,教育,大数据开发工程师,15k-30k
,成都二十三魔方生物科技有限公司,62218,23魔方,50-150人,2019-09-03 09:48:38,高新区,本科,B轮,"医疗丨健康,数据服务",平台开发工程师,15k-25k
['石羊'],成都欧督系统科技有限公司,125511,欧督（成都）,50-150人,2019-09-19 16:48:13,高新区,本科,天使轮,"企业服务,电商",javascript,7k-14k
,成都娄外科技有限公司,281404,西瓜创客,500-2000人,2019-09-18 09:05:37,高新区,不限,B轮,教育,资深后端开发工程师,15k-30k
,四川格子环保科技有限公司,82887624,格子环保,15-50人,2019-09-18 22:01:26,高新区,硕士,A轮,"人工智能,物联网",算法工程师,12k-18k
,四川弘享信息技术有限公司,509513,四川弘享信息技术有限公司,50-150人,2019-09-19 20:49:01,高新区,本科,不需要融资,"移动互联网,数据服务",java开发工程师,7k-12k
,上海易路软件有限公司,35796,易路,150-500人,2019-09-19 15:48:30,双流县,大专,B轮,"移动互联网,企业服务",java开发工程师,10k-20k
"['桐梓林', '紫荆', '桂溪']",易智瑞（中国）信息技术有限公司,33854,Esri 中国,150-500人,2019-09-20 16:13:37,武侯区,本科,未融资,"企业服务,数据服务",C/S软件开发工程师,10k-15k
,成都二十三魔方生物科技有限公司,62218,23魔方,50-150人,2019-09-03 09:48:37,高新区,本科,B轮,"医疗丨健康,数据服务",高级大数据开发工程师,15k-25k
,紫光云技术有限公司,429600,紫光云,500-2000人,2019-09-20 10:42:23,双流县,不限,不需要融资,"移动互联网,数据服务",容器云研发工程师-00431,15k-25k
,成都卓杭网络科技股份有限公司,134300,成都卓杭,150-500人,2019-09-12 13:26:58,高新区,本科,不需要融资,"移动互联网,游戏",U3D开发工程师 (新项目),15k-25k
,成都尼毕鲁科技股份有限公司,6868,tap4fun,500-2000人,2019-09-11 14:55:06,高新区,本科,不需要融资,游戏,SDK开发工程师,15k-30k
,贵州海康交通大数据有限公司,448156,海康交通大数据,50-150人,2019-09-20 18:18:41,双流区,不限,不需要融资,"移动互联网,数据服务",大数据开发工程师,12k-24k
,浙江企朋网络技术股份有限公司,210,企朋,150-500人,2019-09-20 14:30:54,高新区,本科,不需要融资,"移动互联网,电商",后端开发工程师（美洽） (MJ000670),12k-18k
,上海维塔士电脑软件有限公司,26126,维塔士,500-2000人,2019-09-20 17:26:49,青羊区,本科,B轮,游戏,多人游戏 - 后端工程师,10k-15k
,四川元高分网络科技有限公司,127781,元高分,50-150人,2019-09-20 16:07:05,高新区,本科,A轮,"移动互联网,教育",后端工程师,7k-13k
,成都萌想科技有限责任公司,21511,萌想科技,150-500人,2019-09-20 17:01:18,高新区,本科,B轮,企业服务,运维开发工程师,8k-12k
,成都萌想科技有限责任公司,21511,萌想科技,150-500人,2019-09-20 17:01:18,高新区,本科,B轮,企业服务,产研方向前端开发工程师,9k-15k
,杭州才云科技有限公司,85122,Caicloud,50-150人,2019-09-19 14:58:49,高新区,本科,B轮,"企业服务,数据服务",云开源工程师-成都-00078,10k-20k
,四川千行你我科技有限公司,89111,千行集团,150-500人,2019-09-20 17:48:09,高新区,不限,D轮及以上,"移动互联网,电商",java高级工程师,11k-20k
,成都数字天空科技有限公司,13905,成都数字天空科技有限公司,500-2000人,2019-09-20 15:31:00,武侯区,本科,不需要融资,游戏,算法工程师,10k-20k
,北京市商汤科技开发有限公司,40459,商汤科技,2000人以上,2019-09-16 08:27:02,双流区,本科,C轮,人工智能,分布式平台开发工程师,20k-40k
,成都佳明航电科技有限公司,125483,GARMIN佳明,2000人以上,2019-09-20 16:00:59,高新区,本科,上市公司,"移动互联网,通讯电子",Web前端开发工程师,10k-20k
,四川迅游网络科技股份有限公司,15453,迅游网络,150-500人,2019-09-18 11:16:20,武侯区,本科,上市公司,移动互联网,运维开发工程师,10k-20k
,杭州初灵信息技术股份有限公司,150192,初灵信息,500-2000人,2019-09-04 15:10:04,高新区,本科,上市公司,"移动互联网,数据服务",NFV/SDN研发工程师,15k-30k
,成都龙渊网络科技有限公司,17979,龙渊网络,150-500人,2019-09-17 15:01:08,高新区,不限,B轮,"移动互联网,游戏",游戏服务器开发工程师,15k-30k
,北京青云科技股份有限公司,31164,青云,150-500人,2019-09-20 09:10:20,龙泉驿区,本科,D轮及以上,数据服务,前端开发工程师,8k-15k
,中建电子商务有限责任公司,122086,中建电商,150-500人,2019-09-20 12:51:15,高新区,大专,不需要融资,"移动互联网,电商",高级前端开发工程师,15k-25k
,北京三快在线科技有限公司,50702,美团点评,2000人以上,2019-09-19 20:28:48,高新区,本科,上市公司,消费生活,美团闪购-资深数据仓库开发工程师（成都）,20k-40k
,北京广通信达软件股份有限公司杭州分公司,85040,广通软件,150-500人,2019-09-20 15:42:12,高新区,本科,上市公司,"移动互联网,数据服务",Java开发工程师-成都,8k-15k
,成都斯达领科网络科技有限公司,82895640,斯达领科,50-150人,2019-09-20 12:00:12,高新区,本科,天使轮,"电商,物联网",前端工程师,10k-15k
,成都斯沃茨科技有限公司,116684,Swartz,15-50人,2019-09-12 09:58:56,高新区,本科,A轮,"移动互联网,其他",大数据开发工程师,15k-20k
,北京三快在线科技有限公司,50702,美团点评,2000人以上,2019-09-09 19:36:00,高新区,本科,上市公司,消费生活,到家事业群-测试开发技术专家（成都）,20k-35k
,新蛋科技（成都）有限公司,21556,新蛋,500-2000人,2019-09-21 08:28:28,高新区,本科,不需要融资,电商,资深系统工程师,15k-25k
,北京亿佰教育科技有限公司,102581,100课堂,150-500人,2019-09-21 10:32:21,高新区,本科,A轮,"移动互联网,教育",STEAM课程研发,6k-12k
,北京亿佰教育科技有限公司,102581,100课堂,150-500人,2019-09-21 10:32:21,高新区,本科,A轮,"移动互联网,教育",STEAM产品运营,6k-12k
,腾讯科技（深圳）有限公司,451,腾讯,2000人以上,2019-09-10 17:13:55,高新区,本科,上市公司,社交,php高级开发工程师,20k-40k
['龙泉'],四川国蓝中天环境科技集团有限公司,737394,国蓝中天,50-150人,2019-09-20 09:32:39,龙泉驿区,本科,未融资,数据服务、人工智能,nodejs后端工程师,9k-12k
,北京北森云计算股份有限公司,47323,北森云计算,500-2000人,2019-09-20 17:07:59,高新区,不限,上市公司,企业服务,2019测试开发（PPS/成都）(J12687),12k-18k
,北京联龙博通电子商务技术有限公司,17785,联龙博通,2000人以上,2019-09-20 10:06:12,高新区,本科,D轮及以上,"移动互联网,电商",自动化测试工程师成都,9k-16k
,苏州棱镜七彩信息科技有限公司,395761,棱镜七彩,15-50人,2019-09-21 09:37:00,高新区,本科,天使轮,信息安全,漏洞分析工程师,13k-25k
,北京创新数智科技有限公司,528171,创新数智,15-50人,2019-09-20 12:13:58,高新区,本科,不需要融资,数据服务,大数据高级开发工程师,15k-21k
,壹玖壹玖酒类平台科技股份有限公司,7334,1919酒类直供,2000人以上,2019-09-20 09:53:23,高新区,本科,上市公司,消费生活,高级数据开发工程师,12k-20k
,中建电子商务有限责任公司,122086,中建电商,150-500人,2019-09-20 11:26:58,高新区,大专,不需要融资,"移动互联网,电商",C#/.NET开发工程师,10k-17k
,北京智者天下科技有限公司,4128,知乎,500-2000人,2019-09-20 11:06:25,双流县,本科,D轮及以上,社交,NLP算法工程师,18k-25k
,OPPO广东移动通信有限公司,6927,OPPO,2000人以上,2019-09-18 17:49:33,武侯区,本科,不需要融资,硬件,OS内核及虚拟化开发工程师（成都）,15k-30k
"['创业路', '神仙树', '紫荆']",成都四方伟业软件股份有限公司,47102,四方伟业,500-2000人,2019-09-02 10:56:36,武侯区,本科,不需要融资,移动互联网,资深Web前端开发工程师,16k-26k
,八维通科技有限公司,169771,八维通科技,150-500人,2019-09-19 19:12:59,高新区,本科,A轮,移动互联网,运维工程师（成都）,8k-16k
,四川驹马科技有限公司,115625,驹马科技,2000人以上,2019-09-20 11:57:17,锦江区,本科,C轮,"移动互联网,其他",前端工程师,10k-20k
['跳伞塔'],四川万益能源科技有限公司,168812,万益能源,50-150人,2019-09-19 10:34:10,武侯区,本科,不需要融资,"企业服务,数据服务",运维开发工程师,8k-15k
,四川生学教育科技有限公司,98121,生学教育,150-500人,2019-09-05 10:48:34,高新区,本科,A轮,"移动互联网,教育",大数据开发工程师,10k-20k
,成都盈海益讯科技有限公司,201743,几维安全,15-50人,2019-09-16 10:33:18,高新区,本科,A轮,移动互联网,Linux开发工程师,15k-25k
,支付宝（杭州）信息技术有限公司,153849,蚂蚁金服集团,2000人以上,2019-09-09 09:33:41,高新区,本科,B轮,"金融,移动互联网",高级数据研发工程师/专家,18k-36k
,时时同云科技（成都）有限责任公司,242106,时时同云科技（成都）有限责任公司,2000人以上,2019-09-04 17:58:21,高新区,本科,C轮,"移动互联网,消费生活",安全开发工程师(J13133),15k-26k
,成都星罗互动科技有限公司,234483,星罗互动,50-150人,2019-09-20 14:26:38,高新区,大专,未融资,游戏,C++服务器开发工程师（网络游戏）,6k-12k
,北京创锐文化传媒有限公司,53,聚美优品,2000人以上,2019-09-19 11:06:37,高新区,本科,上市公司,电商,运维开发工程师,15k-25k
,北京神州绿盟信息安全科技股份有限公司,30648,绿盟科技,500-2000人,2019-09-16 11:56:45,高新区,本科,上市公司,信息安全,C/C++研发工程师（成都）-NTA,10k-15k
,四川新网银行股份有限公司,166084,新网银行,150-500人,2019-08-28 17:26:18,高新区,硕士,不需要融资,金融,大数据开发工程师,13k-26k
,北京字节跳动科技有限公司,62,字节跳动,2000人以上,2019-09-22 06:48:48,高新区,本科,C轮,文娱丨内容,运维研发工程师,30k-60k
['桂溪'],四川上和国际医院管理股份有限公司,492454,上和国际,150-500人,2019-09-20 10:56:05,锦江区,大专,未融资,"移动互联网,医疗丨健康",java开发工程师,10k-20k
,腾讯科技（深圳）有限公司,451,腾讯,2000人以上,2019-09-19 13:39:36,武侯区,本科,上市公司,社交,WXG-企业邮箱技术支持工程师,30k-60k
,成都数之联科技有限公司,58647,成都数之联科技有限公司,150-500人,2019-09-16 16:42:45,高新区,硕士,B轮,"移动互联网,数据服务",算法工程师（智慧工业方向）,15k-25k
,成都尼毕鲁科技股份有限公司,6868,tap4fun,500-2000人,2019-09-11 14:55:06,高新区,本科,不需要融资,游戏,SDK开发工程师,15k-30k
,四川盛趣时代网络科技有限公司,56340,盛趣时代,150-500人,2019-09-20 13:22:41,武侯区,大专,不需要融资,"移动互联网,电商",算法工程师（人脸识别神经网络）,15k-20k
,成都卓杭网络科技股份有限公司,134300,成都卓杭,150-500人,2019-09-12 13:26:58,高新区,本科,不需要融资,"移动互联网,游戏",U3D开发工程师 (新项目),15k-25k
,成都二十三魔方生物科技有限公司,62218,23魔方,50-150人,2019-09-03 09:48:37,高新区,本科,B轮,"医疗丨健康,数据服务",高级大数据开发工程师,15k-25k
,成都市玉米树科技有限公司,117609,玉米树科技,15-50人,2019-09-20 11:18:26,高新区,本科,未融资,"游戏,移动互联网",java高级开发工程师,15k-25k
,成都顶呱呱投资集团有限公司,33184,顶呱呱,2000人以上,2019-09-20 09:44:08,武侯区,大专,上市公司,金融,算法工程师,9k-18k
,成都网信天成科技有限公司,147419,网信天成,15-50人,2019-09-19 09:22:19,高新区,本科,不需要融资,"移动互联网,电商",java开发工程师,8k-10k
,成都欢聚堂科技有限公司,386952,欢聚堂,50-150人,2019-09-22 09:24:40,武侯区,本科,未融资,"移动互联网,电商",资深PHP开发工程师,10k-16k
"['机投桥', '金花桥']",四川弘和通讯有限公司,16815,四川弘和集团,150-500人,2019-09-20 17:57:49,武侯区,大专,未融资,移动互联网,技术支持工程师,8k-10k
,四川驹马科技有限公司,115625,驹马科技,2000人以上,2019-09-20 11:57:17,锦江区,大专,C轮,"移动互联网,其他",WEB前端工程师(高级),15k-22k
,四川惠商信息科技有限公司,319523,惠商科技,2000人以上,2019-09-20 10:00:08,武侯区,本科,不需要融资,金融,算法工程师,15k-20k
,梦思特科技（成都）有限公司,133943,梦思特,50-150人,2019-09-20 14:12:10,高新区,本科,不需要融资,"移动互联网,游戏",算法工程师,10k-20k
,支付宝（杭州）信息技术有限公司,153849,蚂蚁金服集团,2000人以上,2019-09-17 17:40:21,高新区,本科,B轮,"金融,移动互联网",测试开发专家/高级测试工程师,18k-35k
['天回'],四川众合智控科技有限公司,482326,四川众合,50-150人,2019-09-16 16:59:16,金牛区,本科,不需要融资,其他,C++软件开发工程师,10k-17k
,四川格子环保科技有限公司,82887624,格子环保,15-50人,2019-09-18 22:01:26,高新区,硕士,A轮,"人工智能,物联网",算法工程师,12k-18k
['猛追湾'],上海证大喜马拉雅网络科技有限公司,1373,喜马拉雅,500-2000人,2019-09-20 09:40:13,成华区,本科,D轮及以上,"移动互联网,文娱丨内容",java开发工程师,10k-20k
,成都龙渊网络科技有限公司,17979,龙渊网络,150-500人,2019-09-19 09:52:35,高新区,本科,B轮,"移动互联网,游戏",前端开发工程师,10k-20k
,昆仑智汇数据科技（北京）有限公司,68507,K2DATA,150-500人,2019-09-16 16:27:03,高新区,本科,B轮,数据服务,Java工程师（项目交付方向）,12k-20k
,杭州阔知网络科技有限公司,7868,阔知网络,150-500人,2019-09-19 17:08:40,武侯区,大专,A轮,"企业服务,教育",PHP开发工程师（成都）,4k-8k
,瑞数信息技术（上海）有限公司,57260,瑞数信息,150-500人,2019-09-19 10:05:12,高新区,本科,C轮,信息安全,安全产品测试开发工程师,10k-20k
,四川生学教育科技有限公司,98121,生学教育,150-500人,2019-09-05 10:48:34,高新区,大专,A轮,"移动互联网,教育",高级大数据开发工程师,12k-22k
,中国电子进出口有限公司,158369,中电进出口,500-2000人,2019-09-22 11:35:53,高新区,本科,不需要融资,信息安全,算法工程师--成都公共安全,13k-25k
,北京国研网信息股份有限公司,374777,国研网,150-500人,2019-09-20 10:07:32,高新区,本科,上市公司,"企业服务,数据服务",爬虫开发工程师,9k-15k
,北京快跑信息科技有限公司,676,小猪,500-2000人,2019-09-11 18:07:09,锦江区,不限,D轮及以上,电商,测试开发工程师（成都）(J10421),25k-30k
"['少城', '青羊宫', '人民公园']",成都市大匠通科技有限公司,73473,大匠通,15-50人,2019-09-09 09:36:05,青羊区,本科,不需要融资,"企业服务,其他",C++高级开发工程师,15k-20k
,支付宝（杭州）信息技术有限公司,153849,蚂蚁金服集团,2000人以上,2019-08-30 14:04:40,高新区,本科,B轮,"金融,移动互联网",高级java开发工程师,20k-40k
['猛追湾'],上海证大喜马拉雅网络科技有限公司,1373,喜马拉雅,500-2000人,2019-09-20 09:40:12,成华区,本科,D轮及以上,"移动互联网,文娱丨内容",大数据分析工程师,10k-20k
['天回'],四川众合智控科技有限公司,482326,四川众合,50-150人,2019-09-16 16:59:21,金牛区,本科,不需要融资,其他,C++高级软件开发工程师,10k-17k
,北京国研网信息股份有限公司,374777,国研网,150-500人,2019-09-20 10:07:31,高新区,本科,上市公司,"企业服务,数据服务",高级爬虫开发工程师,14k-18k
['猛追湾'],上海证大喜马拉雅网络科技有限公司,1373,喜马拉雅,500-2000人,2019-09-20 09:40:14,成华区,本科,D轮及以上,"移动互联网,文娱丨内容",JAVA开发工程师（音频后台开发、审核后台开发）,10k-20k
,微梦创科网络科技（中国）有限公司,5832,微博,2000人以上,2019-09-09 10:24:33,高新区,本科,上市公司,文娱丨内容,前端开发（成都）G05101,15k-25k
,腾讯科技（深圳）有限公司,451,腾讯,2000人以上,2019-09-17 16:09:38,高新区,不限,上市公司,社交,腾讯云数据库研发高级工程师,20k-40k
"['双楠', '高升桥']",成都链游云网络科技有限公司,314227,成都链游云网络科技有限公司,15-50人,2019-09-15 11:39:47,武侯区,本科,A轮,"移动互联网,数据服务",java应用后台研发工程师,10k-15k
,新华三云计算技术有限公司,380076,新华三云计算,500-2000人,2019-09-09 09:52:17,高新区,本科,不需要融资,"移动互联网,数据服务",开发测试工程师,15k-25k
,四川商旅无忧科技服务有限公司,137513,商旅科技,150-500人,2019-09-20 09:48:13,武侯区,本科,不需要融资,"移动互联网,电商",java开发（项目经理）,12k-16k
,成都宽邦科技有限公司,182860,宽邦（BigQuant）,50-150人,2019-09-11 16:32:47,高新区,本科,不需要融资,"金融,数据服务",运维开发工程师,14k-20k
"['双楠', '高升桥']",竹间智能科技（上海）有限公司,98800,竹间智能科技(上海)有限公司,150-500人,2019-09-18 11:56:25,武侯区,硕士,B轮,"移动互联网,其他",技术经理,25k-40k
,深圳欧翼思特科技有限公司,367102,欧翼思特,15-50人,2019-09-16 19:07:56,武侯区,本科,不需要融资,"移动互联网,其他",java开发工程师,12k-20k
,上海易路软件有限公司,35796,易路,150-500人,2019-09-19 15:48:30,双流县,大专,B轮,"移动互联网,企业服务",java开发工程师,10k-20k
,四川川大智胜系统集成有限公司,22516,川大智胜,150-500人,2019-09-19 14:31:28,武侯区,不限,未融资,"移动互联网,电商",GIS高级开发工程师,12k-17k
,时时同云科技（成都）有限责任公司,242106,时时同云科技（成都）有限责任公司,2000人以上,2019-08-24 15:19:43,高新区,本科,C轮,"移动互联网,消费生活",测试开发工程师,12k-20k
,成都龙渊网络科技有限公司,17979,龙渊网络,150-500人,2019-09-19 09:52:35,高新区,本科,B轮,"移动互联网,游戏",云计算工程师,10k-20k
,成都斯沃茨科技有限公司,116684,Swartz,15-50人,2019-09-12 09:58:55,高新区,本科,A轮,"移动互联网,其他",运维开发工程师,10k-15k
,上海淡红金融科技有限公司,32799,快牛金科,500-2000人,2019-09-19 21:00:36,高新区,大专,B轮,其他,JAVA后端开发工程师,15k-25k
,四川长虹电器股份有限公司,95229,四川长虹电器股份有限公司,2000人以上,2019-09-19 09:32:01,高新区,硕士,上市公司,硬件,算法优化及应用工程师（绵阳、成都）,10k-18k
,四川商旅无忧科技服务有限公司,137513,商旅科技,150-500人,2019-09-20 09:48:13,武侯区,本科,不需要融资,"移动互联网,电商",高级java,16k-20k
"['四川大学', '科华北路', '磨子桥']",北京奇艺世纪科技有限公司,1686,爱奇艺,2000人以上,2019-09-20 09:18:23,武侯区,本科,上市公司,文娱丨内容,语音识别算法工程师,25k-50k
,深圳市普渡科技有限公司,122682,普渡科技,150-500人,2019-09-21 17:40:05,高新区,硕士,A轮,"硬件,其他",slam算法工程师,30k-60k
"['四川大学', '科华北路', '磨子桥']",北京奇艺世纪科技有限公司,1686,爱奇艺,2000人以上,2019-09-20 09:18:23,武侯区,本科,上市公司,文娱丨内容,音频算法资深工程师,20k-40k
,腾讯科技（深圳）有限公司,451,腾讯,2000人以上,2019-09-04 16:50:58,高新区,不限,上市公司,社交,《王者荣耀》测试开发工程师（成都）,15k-30k
,招银网络科技（深圳）有限公司,32720,招银网络科技,2000人以上,2019-08-26 15:04:24,高新区,本科,不需要融资,金融,测试开发工程师,15k-25k
['柳江'],四川驹马科技有限公司,115625,驹马科技,2000人以上,2019-09-05 10:09:39,锦江区,本科,C轮,"移动互联网,其他",web前端（高级）,15k-20k
,成都科来软件有限公司,63063,科来,150-500人,2019-08-29 15:11:41,高新区,本科,A轮,"企业服务,其他",C++开发工程师（GK）,10k-20k
"['四川大学', '科华北路', '磨子桥']",北京奇艺世纪科技有限公司,1686,爱奇艺,2000人以上,2019-09-20 09:18:23,武侯区,本科,上市公司,文娱丨内容,资深图像/视频算法工程师,25k-50k
,四川锦程消费金融有限责任公司,111480,锦程消费金融公司,150-500人,2019-09-18 14:20:55,高新区,本科,未融资,金融,DevOps运维开发工程师（中高级）,10k-20k
"['创业路', '神仙树', '紫荆']",成都四方伟业软件股份有限公司,47102,四方伟业,500-2000人,2019-09-19 09:18:21,武侯区,大专,不需要融资,移动互联网,web前端工程师,15k-30k
,成都尼毕鲁科技股份有限公司,6868,tap4fun,500-2000人,2019-09-11 14:55:06,高新区,本科,不需要融资,游戏,高级软件工程师（游戏服务器）,15k-30k
,成都市映潮科技股份有限公司,22485,映潮科技,50-150人,2019-09-18 17:11:59,高新区,本科,未融资,数据服务,算法工程师,8k-15k
,上海赛连信息科技有限公司,164507,小鱼易连,150-500人,2019-09-12 16:40:01,高新区,本科,B轮,移动互联网,Java开发工程师-成都,10k-20k
,深圳市汇合发展有限公司,296391,汇合,2000人以上,2019-09-20 16:28:26,高新区,本科,不需要融资,"企业服务,金融",云平台测试工程师,6k-11k
"['创业路', '神仙树', '紫荆']",成都四方伟业软件股份有限公司,47102,四方伟业,500-2000人,2019-09-02 10:56:36,武侯区,本科,不需要融资,移动互联网,资深Web前端开发工程师,16k-26k
,北京四方启点科技有限公司,278102,四方启点,150-500人,2019-09-20 15:59:43,高新区,本科,未融资,"移动互联网,数据服务",中级测试工程师,8k-13k
,深圳市杉岩数据技术有限公司,71639,杉岩数据,50-150人,2019-09-20 12:14:25,武侯区,本科,B轮,"企业服务,数据服务",测试工程师,15k-25k
,深圳市汇合发展有限公司,296391,汇合,2000人以上,2019-09-21 21:08:24,武侯区,本科,不需要融资,"企业服务,金融",云平台测试工程师,10k-15k
,成都佳明航电科技有限公司,125483,GARMIN佳明,2000人以上,2019-09-20 16:00:58,高新区,本科,上市公司,"移动互联网,通讯电子",C/C++嵌入式软件开发工程师（BSP）,12k-20k
,成都卓拙科技有限公司,74800,卓拙科技,15-50人,2019-09-20 17:37:31,高新区,不限,A轮,移动互联网,安全工程师,10k-15k
,北京四方启点科技有限公司,278102,四方启点,150-500人,2019-09-20 15:59:43,高新区,本科,未融资,"移动互联网,数据服务",高级测试工程师,10k-15k
,杭州顺网科技股份有限公司,719,顺网科技,500-2000人,2019-09-19 11:41:57,高新区,本科,上市公司,游戏,软件测试工程师,8k-16k
,成都世纪阳天科技有限公司,114978,世纪阳天,150-500人,2019-09-16 10:56:59,武侯区,大专,不需要融资,"移动互联网,游戏",游戏服务器工程师,10k-15k
,北京网思科平科技有限公司,64490,网思科平,50-150人,2019-09-20 16:39:39,高新区,本科,C轮,"信息安全,数据服务",机器学习算法工程师,10k-20k
,杭州雅拓信息技术有限公司,148914,杭州雅拓,150-500人,2019-09-20 16:25:19,高新区,本科,不需要融资,"数据服务,企业服务",ETL工程师（中高级）,15k-25k
,成都未至科技有限公司,323279,未至科技,15-50人,2019-09-20 16:50:41,高新区,本科,天使轮,"移动互联网,硬件",图像算法工程师,10k-15k
,成都晓多科技有限公司,85491,成都晓多科技有限公司,500-2000人,2019-09-20 16:42:23,高新区,本科,B轮,"企业服务,数据服务",Windows客户端工程师（中高级）,15k-30k
,贵州海康交通大数据有限公司,448156,海康交通大数据,50-150人,2019-09-20 18:18:40,双流区,本科,不需要融资,"移动互联网,数据服务",大数据挖掘工程师,17k-25k
,四川弘享信息技术有限公司,509513,四川弘享信息技术有限公司,50-150人,2019-09-18 10:53:08,高新区,本科,不需要融资,"移动互联网,数据服务",研发工程师,5k-10k
,成都泛山科技有限公司,280565,泛山科技,15-50人,2019-09-19 15:40:00,高新区,本科,天使轮,"金融,企业服务",推荐产品经理,12k-20k
,成都哆可梦网络科技有限公司,28370,哆可梦,150-500人,2019-09-20 14:33:21,武侯区,不限,C轮,游戏,运维工程师,6k-12k
,成都路行通信息技术有限公司,54687,路行通,500-2000人,2019-09-20 10:00:34,高新区,本科,不需要融资,"移动互联网,消费生活",高级软件测试工程师,8k-12k
,苏州棱镜七彩信息科技有限公司,395761,棱镜七彩,15-50人,2019-09-21 09:37:00,高新区,本科,天使轮,信息安全,漏洞分析工程师,13k-25k
,杭州初灵信息技术股份有限公司,150192,初灵信息,500-2000人,2019-09-04 15:10:04,高新区,本科,上市公司,"移动互联网,数据服务",算法工程师,9k-18k
,深圳市汇合发展有限公司,296391,汇合,2000人以上,2019-09-21 21:08:24,武侯区,本科,不需要融资,"企业服务,金融",自动化开发,7k-11k
,深圳市虹红科技有限公司成都分公司,413405,虹红科技,50-150人,2019-09-20 14:37:13,高新区,本科,天使轮,"移动互联网,企业服务",运维工程师,6k-12k
,成都数之联科技有限公司,58647,成都数之联科技有限公司,150-500人,2019-09-16 16:42:45,高新区,硕士,B轮,"移动互联网,数据服务",自然语言处理（NLP）工程师,15k-25k
,北京企企科技有限公司,444783,企企,50-150人,2019-09-22 13:16:40,高新区,本科,未融资,"移动互联网,企业服务",急招高级运维工程师（15薪),15k-22k
['肖家河'],成都市肆零肆网络科技有限公司,199953,成都肆零肆,50-150人,2019-09-20 17:53:12,武侯区,不限,未融资,"信息安全,数据服务",渗透工程师,15k-20k
,钛马信息网络技术有限公司,38932,钛马车联网,150-500人,2019-09-20 10:48:10,高新区,本科,B轮,"移动互联网,数据服务",DevOps工程师,12k-20k
,四川惠商信息科技有限公司,319523,惠商科技,2000人以上,2019-09-20 10:36:50,武侯区,本科,不需要融资,金融,运维工程师,13k-18k
,成都顶呱呱投资集团有限公司,33184,顶呱呱,2000人以上,2019-09-20 09:44:10,武侯区,本科,上市公司,金融,爬虫工程师,8k-15k
,杭州隆埠科技有限公司,332032,隆埠科技,50-150人,2019-09-19 10:19:09,武侯区,本科,天使轮,数据服务,测试工程师（base成都）,8k-15k
,贵州海康交通大数据有限公司,448156,海康交通大数据,50-150人,2019-09-20 18:18:41,双流区,不限,不需要融资,"移动互联网,数据服务",高级运维工程师,13k-25k
,钛马信息网络技术有限公司,38932,钛马车联网,150-500人,2019-09-20 10:48:10,高新区,本科,B轮,"移动互联网,数据服务",云平台基础运维工程师,10k-15k
,成都路行通信息技术有限公司,54687,路行通,500-2000人,2019-09-20 10:00:37,高新区,本科,不需要融资,"移动互联网,消费生活",软件测试工程师（中级）,7k-10k
"['公平', '涌泉']",成都延华西部健康医疗信息产业研究院有限公司,522562,延华医疗研究院,150-500人,2019-09-19 17:02:05,温江区,大专,上市公司,"移动互联网,医疗丨健康",大数据工程师,6k-10k
,成都世纪阳天科技有限公司,114978,世纪阳天,150-500人,2019-09-16 10:56:55,武侯区,大专,不需要融资,"移动互联网,游戏",服务器工程师,10k-15k
,北京北森云计算股份有限公司,47323,北森云计算,500-2000人,2019-09-20 17:07:59,高新区,不限,上市公司,企业服务,2019测试开发（PPS/成都）(J12687),12k-18k
,四川长虹电器股份有限公司,95229,四川长虹电器股份有限公司,2000人以上,2019-09-20 13:15:19,高新区,本科,上市公司,硬件,信息安全工程师（安全攻防）,10k-15k
['簇桥'],上海睿畜电子科技有限公司,137619,睿畜科技,15-50人,2019-09-20 09:13:23,武侯区,大专,天使轮,"数据服务,硬件",硬件测试工程师,9k-11k
,亿达信息技术（深圳）有限公司,168557,YIDATEC,2000人以上,2019-09-20 17:10:11,高新区,本科,不需要融资,"移动互联网,游戏",数据挖掘工程师,8k-10k
,杭州初灵信息技术股份有限公司,150192,初灵信息,500-2000人,2019-09-20 10:14:32,高新区,本科,上市公司,"移动互联网,数据服务",运维工程师,4k-8k
,成都心田花开教育咨询有限公司,262083,心田花开,500-2000人,2019-09-22 10:48:23,锦江区,大专,未融资,教育,高级测试工程师,10k-16k
,北京智者天下科技有限公司,4128,知乎,500-2000人,2019-09-20 11:06:25,双流县,本科,D轮及以上,社交,NLP算法工程师,18k-25k
,八维通科技有限公司,169771,八维通科技,150-500人,2019-09-19 19:12:59,高新区,本科,A轮,移动互联网,运维工程师（成都）,8k-16k
,成都蜗牛创想科技有限公司,176248,信息技术、软件开发、测试及应用,50-150人,2019-09-19 14:36:29,高新区,本科,不需要融资,"移动互联网,教育",web前端开发讲师,16k-25k
,北京蓝莓时节科技有限公司,200688,蓝莓时节,50-150人,2019-09-20 10:49:02,高新区,大专,A轮,"移动互联网,社交",反作弊工程师,10k-15k
"['神仙树', '桐梓林', '紫荆']",中通服创立信息科技有限责任公司,43372,创立科技,500-2000人,2019-09-19 14:11:49,武侯区,大专,上市公司,"移动互联网,硬件",系统运维工程师,6k-9k
,北京睿至大数据科技有限公司,585575,睿至大数据,150-500人,2019-09-16 10:05:54,高新区,本科,未融资,"数据服务,信息安全",软件开发工程师,8k-15k
,深圳市慧择时代科技有限公司,111387,慧择网,500-2000人,2019-09-21 21:09:59,高新区,本科,B轮,"移动互联网,电商",NLP算法工程师,20k-30k
,北京中关村科金技术有限公司,361516,中科金,2000人以上,2019-09-20 11:40:06,武侯区,本科,B轮,金融,运维工程师,10k-20k
,北京国研网信息股份有限公司,374777,国研网,150-500人,2019-09-20 10:07:32,高新区,本科,上市公司,"企业服务,数据服务",大数据算法工程师,15k-22k
,北京联龙博通电子商务技术有限公司,17785,联龙博通,2000人以上,2019-09-20 10:06:12,高新区,本科,D轮及以上,"移动互联网,电商",自动化测试工程师成都,9k-16k
,新希望六和股份有限公司,50242,新希望六和,2000人以上,2019-09-20 18:10:56,锦江区,硕士,上市公司,"电商,其他",AI算法工程师,35k-45k
,四川长虹电器股份有限公司,95229,四川长虹电器股份有限公司,2000人以上,2019-09-20 13:15:12,高新区,本科,上市公司,硬件,"""信息安全 工程师（代码审计方向）""",10k-15k
,成都数之联科技有限公司,58647,成都数之联科技有限公司,150-500人,2019-09-09 16:55:15,高新区,不限,B轮,"移动互联网,数据服务",测试工程师,12k-16k
['白家'],成都淞幸科技有限责任公司,172054,成都淞幸科技,150-500人,2019-09-20 17:42:14,双流区,本科,未融资,其他,自然语言处理工程师,7k-12k
,成都积微物联电子商务有限公司,160202,积微物联,500-2000人,2019-09-20 14:32:36,金牛区,本科,未融资,"电商,其他",测试工程师,9k-15k
['簇桥'],上海睿畜电子科技有限公司,137619,睿畜科技,15-50人,2019-09-20 09:13:23,武侯区,大专,天使轮,"数据服务,硬件",硬件测试工程师,9k-11k
,成都晓多科技有限公司,85491,成都晓多科技有限公司,500-2000人,2019-09-20 16:42:23,高新区,本科,B轮,"企业服务,数据服务",运维架构师,18k-36k
['猛追湾'],北京嗨学网教育科技股份有限公司,62668,嗨学网,2000人以上,2019-09-20 10:38:05,成华区,本科,D轮及以上,教育,测试工程师,9k-14k
['龙泉'],四川国蓝中天环境科技集团有限公司,737394,国蓝中天,50-150人,2019-09-20 09:32:39,龙泉驿区,本科,未融资,数据服务、人工智能,nodejs高级工程师,9k-15k
,重庆安雅信鑫科技服务有限公司,555527,重庆安雅信鑫科技服务有限公司,15-50人,2019-09-16 18:12:14,高新区,本科,A轮,移动互联网,自动化测试工程师,15k-30k
,厦门市节点科技集团有限公司,70447,厦门节点,50-150人,2019-09-20 19:21:02,高新区,本科,不需要融资,"其他,企业服务",高级自动化测试工程师,15k-21k
['盐市口'],四川易贷网金融信息服务有限公司,310001,易贷网,500-2000人,2019-09-20 15:15:48,锦江区,本科,未融资,"移动互联网,金融",前端架构师,15k-20k
,北京中关村科金技术有限公司,361516,中科金,2000人以上,2019-09-20 11:40:06,武侯区,本科,B轮,金融,大数据开发（BI数据开发）,10k-20k
['犀浦'],四川安洵信息技术有限公司,157491,安洵信息,150-500人,2019-09-18 22:45:22,郫县,大专,A轮,信息安全,安全研究工程师,8k-15k
,深圳市虹红科技有限公司成都分公司,413405,虹红科技,50-150人,2019-09-20 14:37:14,高新区,本科,天使轮,"移动互联网,企业服务",中高级运维工程师,6k-12k
,成都优卡信息科技有限公司,377154,成都优卡信息科技,150-500人,2019-09-20 14:01:32,高新区,不限,不需要融资,金融,风控技术经理,18k-25k
,北京创新数智科技有限公司,528171,创新数智,15-50人,2019-09-20 12:13:57,高新区,本科,不需要融资,数据服务,大数据工程师,14k-17k
,四川惠商信息科技有限公司,319523,惠商科技,2000人以上,2019-09-20 10:00:08,武侯区,本科,不需要融资,金融,运维工程师,13k-18k
"['公平', '涌泉']",成都延华西部健康医疗信息产业研究院有限公司,522562,延华医疗研究院,150-500人,2019-09-19 17:02:05,温江区,本科,上市公司,"移动互联网,医疗丨健康",运维工程师,6k-10k
,易宝软件科技（南京）有限公司,356014,易宝软件科技（南京）有限公司,150-500人,2019-09-20 14:22:17,郫县,本科,上市公司,移动互联网,架构师（大数据领域）,15k-25k
,成都市玉米树科技有限公司,117609,玉米树科技,15-50人,2019-09-20 11:18:26,高新区,本科,未融资,"游戏,移动互联网",游戏服务器,10k-20k
['桂溪'],四川上和国际医院管理股份有限公司,492454,上和国际,150-500人,2019-09-20 10:56:11,锦江区,本科,未融资,"移动互联网,医疗丨健康",运维工程师,7k-14k
,成都风际网络科技股份有限公司,8358,风际游戏,150-500人,2019-09-20 10:06:35,高新区,本科,未融资,"移动互联网,游戏",高级游戏运维工程师,11k-17k
['龙泉'],四川国蓝中天环境科技集团有限公司,737394,国蓝中天,50-150人,2019-09-20 09:32:39,龙泉驿区,本科,未融资,数据服务、人工智能,nodejs后端工程师,9k-12k
,新电信息科技（成都）有限公司,69471,NCS,500-2000人,2019-09-20 09:06:16,高新区,本科,不需要融资,企业服务,Testing Engineer,7k-13k
,四川保利微电子有限公司,443001,保利微电子,50-150人,2019-09-19 13:53:02,锦江区,本科,不需要融资,其他,软件开发工程师,9k-14k
,北京中关村科金技术有限公司,361516,中科金,2000人以上,2019-09-20 11:40:06,武侯区,本科,B轮,金融,大数据开发（实时计算开发）,10k-20k
"['公平', '涌泉']",成都延华西部健康医疗信息产业研究院有限公司,522562,延华医疗研究院,150-500人,2019-09-19 17:02:06,温江区,本科,上市公司,"移动互联网,医疗丨健康",大数据开发负责人,15k-25k
,成都乐信圣文科技有限责任公司,446731,乐信圣文,150-500人,2019-09-18 10:54:03,双流区,本科,B轮,"游戏,医疗丨健康",数据分析师,15k-30k
,厦门科拓通讯技术股份有限公司,211700,厦门科拓通讯技术股份有限公司,500-2000人,2019-09-21 16:09:36,武侯区,本科,不需要融资,"硬件,企业服务",数据分析师,15k-30k
,北京创锐文化传媒有限公司,53,聚美优品,2000人以上,2019-09-19 11:06:38,高新区,本科,上市公司,电商,高级运维工程师,15k-25k
,成都乐信圣文科技有限责任公司,446731,乐信圣文,150-500人,2019-09-18 14:06:53,双流区,本科,B轮,"游戏,医疗丨健康",初级数据分析师,6k-12k
,四川天上友嘉网络科技有限公司,24869,天上友嘉,500-2000人,2019-09-20 16:16:28,高新区,不限,不需要融资,游戏,游戏测试,4k-8k
,成都天府合涛网络科技有限公司,448316,空间原力,50-150人,2019-09-20 16:09:32,高新区,本科,A轮,"移动互联网,企业服务",运维负责人,10k-15k
,易宝软件科技（南京）有限公司,356014,易宝软件科技（南京）有限公司,150-500人,2019-09-20 14:22:17,郫县,本科,上市公司,移动互联网,运维开发工程师,7k-14k
['柳江'],北京快跑信息科技有限公司,676,小猪,500-2000人,2019-09-11 18:07:08,锦江区,本科,D轮及以上,电商,基础架构工程师,30k-35k
,北京世联互动网络有限公司成都分公司,93087,NAVER China,2000人以上,2019-09-20 18:45:56,高新区,本科,上市公司,"移动互联网,社交",测试工程师,9k-15k
,成都美尔贝科技股份有限公司,271282,美呗,500-2000人,2019-09-20 09:46:57,高新区,本科,B轮,移动互联网,商业分析师,15k-25k
,成都大农科技有限公司,427326,大农科技,50-150人,2019-09-20 15:47:00,高新区,本科,未融资,移动互联网,高级运维工程师（运维负责人）,12k-20k
,北京卡拉卡尔科技股份有限公司,46478,卡拉卡尔,150-500人,2019-09-20 14:58:34,高新区,大专,不需要融资,"数据服务,文娱丨内容",数据库运维工程师,6k-9k
,成都二次元动漫有限公司,147086,二次元动漫,150-500人,2019-09-20 10:21:23,高新区,本科,不需要融资,"移动互联网,文娱丨内容",DBA数据库,14k-24k
['猛追湾'],北京嗨学网教育科技股份有限公司,62668,嗨学网,2000人以上,2019-09-20 10:38:05,成华区,本科,D轮及以上,教育,测试工程师,9k-14k
,时时同云科技（成都）有限责任公司,242106,时时同云科技（成都）有限责任公司,2000人以上,2019-09-11 12:41:07,高新区,本科,C轮,"移动互联网,消费生活",高级测试工程师,18k-25k
,北京卡拉卡尔科技股份有限公司,46478,卡拉卡尔,150-500人,2019-09-20 14:58:34,高新区,大专,不需要融资,"数据服务,文娱丨内容",数据库运维工程师,6k-9k
"['少城', '青羊宫', '人民公园']",成都市大匠通科技有限公司,73473,大匠通,15-50人,2019-09-09 09:36:05,青羊区,本科,不需要融资,"企业服务,其他",C++高级开发工程师,15k-20k
,成都晓多科技有限公司,85491,成都晓多科技有限公司,500-2000人,2019-09-20 16:42:23,高新区,本科,B轮,"企业服务,数据服务",运维架构师,18k-36k
,成都原力字节科技有限公司,399304,原力字节,150-500人,2019-09-20 19:29:18,高新区,大专,天使轮,"移动互联网,游戏",TA（技术美术）,13k-20k
,支付宝（杭州）信息技术有限公司,153849,蚂蚁金服集团,2000人以上,2019-09-17 17:40:21,高新区,本科,B轮,"金融,移动互联网",测试开发专家/高级测试工程师,18k-35k
,成都宽邦科技有限公司,182860,宽邦（BigQuant）,50-150人,2019-09-11 16:32:47,高新区,本科,不需要融资,"金融,数据服务",运维开发工程师,14k-20k
['柳江'],四川驹马科技有限公司,115625,驹马科技,2000人以上,2019-09-05 10:09:39,锦江区,本科,C轮,"移动互联网,其他",web前端（高级）,15k-20k
,成都大农科技有限公司,427326,大农科技,50-150人,2019-09-19 09:59:18,高新区,本科,未融资,移动互联网,嵌入式软件工程师（Linux网关方向）-成都,20k-40k
['肖家河'],成都市肆零肆网络科技有限公司,199953,成都肆零肆,50-150人,2019-09-20 17:53:12,武侯区,不限,未融资,"信息安全,数据服务",网络安全研究员(偏IOT方向),12k-20k
,新华三云计算技术有限公司,380076,新华三云计算,500-2000人,2019-09-09 09:52:17,高新区,本科,不需要融资,"移动互联网,数据服务",开发测试工程师,15k-25k
,新希望六和股份有限公司,50242,新希望六和,2000人以上,2019-09-20 18:10:56,锦江区,硕士,上市公司,"电商,其他",AI算法研究员,20k-30k
,上海维塔士电脑软件有限公司,26126,维塔士,500-2000人,2019-09-20 17:26:47,青羊区,本科,B轮,游戏,技术美术师,5k-8k
"['神仙树', '桐梓林', '紫荆']",中通服创立信息科技有限责任公司,43372,创立科技,500-2000人,2019-09-19 14:11:49,武侯区,大专,上市公司,"移动互联网,硬件",配置管理工程师,7k-12k
"['桂溪', '桐梓林']",北京爱选信息科技有限公司,324017,爱选科技,15-50人,2019-09-19 16:51:18,武侯区,本科,天使轮,"移动互联网,金融",大数据机器学习算法工程师,30k-60k
,四川倍施特科技股份有限公司,33798,团子出行（原四川汽车票务网）,50-150人,2019-09-19 13:39:07,高新区,不限,上市公司,移动互联网,中高级运维工程师,12k-18k
,北京瑞友科技股份有限公司,150030,北京瑞友,2000人以上,2019-09-20 08:50:16,高新区,本科,上市公司,电商,测试工程师（ID:CXY）,9k-18k
,成都极米科技股份有限公司,25709,极米科技,500-2000人,2019-09-14 14:38:09,高新区,本科,D轮及以上,"电商,硬件",整机系统测试工程师,8k-12k
,北京亿佰教育科技有限公司,102581,100课堂,150-500人,2019-09-21 10:32:21,高新区,本科,A轮,"移动互联网,教育",STEAM课程研发,6k-12k
,成都原力字节科技有限公司,399304,原力字节,150-500人,2019-09-20 19:29:18,高新区,大专,天使轮,"移动互联网,游戏",TA（技术美术）,13k-20k
,杭州阔知网络科技有限公司,7868,阔知网络,150-500人,2019-09-20 15:37:40,武侯区,不限,A轮,"企业服务,教育",PHP实习生（成都）,2k-3k
,北京神州立通科技有限公司,418235,北京神州立通科技有限公司,2000人以上,2019-09-18 12:06:11,高新区,本科,未融资,"移动互联网,企业服务",测试工程师,6k-9k
,成都睿云物联科技有限公司,165203,睿云物联,15-50人,2019-09-16 14:17:13,高新区,本科,天使轮,"移动互联网,企业服务",AI算法工程师,10k-15k
"['神仙树', '桐梓林', '紫荆']",中通服创立信息科技有限责任公司,43372,创立科技,500-2000人,2019-09-19 14:11:49,武侯区,大专,上市公司,"移动互联网,硬件",配置管理工程师,7k-12k
,马上消费金融股份有限公司,136443,马上金融,2000人以上,2019-09-19 13:44:12,武侯区,本科,不需要融资,"金融,移动互联网",运维工程师,10k-15k
,成都无糖信息技术有限公司,249048,无糖信息,50-150人,2019-09-18 16:35:48,高新区,不限,A轮,"信息安全,数据服务",渗透测试工程师,15k-30k
"['神仙树', '桐梓林', '紫荆']",中通服创立信息科技有限责任公司,43372,创立科技,500-2000人,2019-09-17 13:26:03,高新区,本科,上市公司,"移动互联网,硬件",架构师,18k-25k
,上海维塔士电脑软件有限公司,26126,维塔士,500-2000人,2019-09-20 17:26:47,青羊区,本科,B轮,游戏,技术美术师,5k-8k
,四川迅游网络科技股份有限公司,15453,迅游网络,150-500人,2019-09-18 11:16:26,武侯区,本科,上市公司,移动互联网,自动化测试工程师,15k-25k
,百融云创科技股份有限公司,73043,百融云创,500-2000人,2019-09-20 09:49:13,高新区,本科,C轮,金融,数据分析师,15k-30k
,亿达信息技术（深圳）有限公司,168557,YIDATEC,2000人以上,2019-09-20 17:10:11,高新区,大专,不需要融资,"移动互联网,游戏",自动化测试工程师,6k-10k
,成都极米科技股份有限公司,25709,极米科技,500-2000人,2019-09-14 14:38:08,高新区,硕士,D轮及以上,"电商,硬件",NLP算法工程师,15k-25k
,成都原力字节科技有限公司,399304,原力字节,150-500人,2019-09-20 19:29:19,高新区,本科,天使轮,"移动互联网,游戏",测试工程师,7k-12k
['肖家河'],成都市肆零肆网络科技有限公司,199953,成都肆零肆,50-150人,2019-09-20 17:53:12,武侯区,不限,未融资,"信息安全,数据服务",网络安全研究员(偏IOT方向),12k-20k
,成都极米科技股份有限公司,25709,极米科技,500-2000人,2019-09-14 14:38:08,高新区,硕士,D轮及以上,"电商,硬件",推荐算法工程师,15k-25k
['中和'],成都市文景智旅网络科技有限公司,400550,成都市文景智旅网络科技有限公司,150-500人,2019-09-11 10:48:17,高新区,大专,未融资,"移动互联网,旅游",运维工程师,6k-7k
,成都大农科技有限公司,427326,大农科技,50-150人,2019-09-20 15:47:00,高新区,本科,未融资,移动互联网,高级算法工程师--team&nbsp;leader,11k-20k
,成都思而科软件有限公司,74643,思而科,50-150人,2019-09-20 11:43:49,高新区,本科,未融资,电商,测试工程师,7k-14k
['华阳'],成都大淘客科技有限公司,326992,大淘客,50-150人,2019-09-20 13:37:59,高新区,大专,不需要融资,"移动互联网,电商",高级测试工程师,10k-15k
,成都冰鉴信息科技有限公司,364616,冰鉴科技,150-500人,2019-09-19 18:39:33,高新区,本科,B轮,"移动互联网,金融",数据分析师,8k-12k
,贵州云腾未来科技有限公司,569030,云腾未来,50-150人,2019-09-19 15:09:46,高新区,本科,不需要融资,其他,DBA数据库运维工程师,20k-28k
,贵州云腾未来科技有限公司,569030,云腾未来,50-150人,2019-09-19 15:09:22,高新区,大专,不需要融资,其他,公有云运维工程师,8k-14k
['玉林'],云南南天电子信息产业股份有限公司成都分公司,260435,南天信息,50-150人,2019-09-19 10:57:38,高新区,本科,上市公司,其他,运维工程师,10k-14k
,成都睿码科技有限责任公司,117731,成都睿码科技有限责任公司（KANKAN AI）,150-500人,2019-09-02 13:50:39,武侯区,本科,上市公司,"移动互联网,数据服务",运维工程师,8k-12k
,康卫通信息科技成都有限公司,766951,康卫通,50-150人,2019-09-20 08:27:31,高新区,本科,不需要融资,"数据服务,软件开发",系统架构师,15k-25k
,成都大农科技有限公司,427326,大农科技,50-150人,2019-09-19 09:59:18,高新区,本科,未融资,移动互联网,嵌入式软件工程师（Linux网关方向）-成都,20k-40k
"['创业路', '神仙树', '紫荆']",成都四方伟业软件股份有限公司,47102,四方伟业,500-2000人,2019-09-19 09:18:20,武侯区,本科,不需要融资,移动互联网,大数据运维工程师,13k-23k
,活跃网络（成都）有限公司,29303,活跃网络,500-2000人,2019-09-17 09:41:53,锦江区,不限,上市公司,移动互联网,性能测试,12k-20k
,成都数聚城堡科技有限公司,127788,DataCastle,15-50人,2019-09-11 17:08:21,高新区,本科,天使轮,移动互联网,大数据课程研发,4k-6k
,成都优卡信息科技有限公司,377154,成都优卡信息科技,150-500人,2019-09-20 14:01:32,高新区,本科,不需要融资,金融,风控政策主管,10k-15k
['桂溪'],北京中科物安科技有限公司,272762,中科物安,50-150人,2019-09-19 18:03:59,武侯区,本科,B轮,信息安全,防火墙架构师,28k-38k
"['桂溪', '桐梓林']",北京爱选信息科技有限公司,324017,爱选科技,15-50人,2019-09-19 16:51:17,武侯区,硕士,天使轮,"移动互联网,金融",数据科学家,15k-25k
['中和'],成都九洲电子信息系统股份有限公司,157614,成都九洲,150-500人,2019-09-09 09:50:38,高新区,本科,上市公司,"信息安全,其他",大数据算法工程师,8k-15k
,微慕客（成都）科技有限公司,749413,微慕客（成都）科技有限公司,50-150人,2019-09-20 18:04:44,双流县,本科,不需要融资,数据服务,数据分析/数据科学研究员,12k-20k
,成都市映潮科技股份有限公司,22485,映潮科技,50-150人,2019-09-18 17:12:00,高新区,本科,未融资,数据服务,架构师,15k-30k
,北京瑞友科技股份有限公司,150030,北京瑞友,2000人以上,2019-09-20 15:46:21,高新区,大专,上市公司,电商,测试（ID：ZY）,10k-20k
,成都小启科技有限责任公司,91273,小启科技,50-150人,2019-09-18 09:16:20,高新区,本科,不需要融资,"移动互联网,旅游",数据挖掘工程师,10k-15k
,成都数聚城堡科技有限公司,127788,DataCastle,15-50人,2019-09-11 17:08:21,高新区,本科,天使轮,移动互联网,大数据课程研发与数据分析,4k-6k
['石羊'],成都易我科技开发有限责任公司,2548,易我科技,150-500人,2019-09-20 10:31:13,武侯区,本科,不需要融资,"移动互联网,游戏",数据分析师,8k-15k
,北京平凯星辰科技发展有限公司,113568,PingCAP,150-500人,2019-09-17 11:13:05,高新区,本科,C轮,"数据服务,企业服务",Engineer for Quality,20k-40k
,中电健康云科技有限公司,357265,中电健康云,50-150人,2019-09-08 20:35:35,高新区,不限,不需要融资,"医疗丨健康,信息安全",大数据工程师（高级）,16k-32k
,四川安洵信息技术有限公司,157491,安洵信息,150-500人,2019-09-20 11:25:54,郫县,大专,A轮,信息安全,安全研究,8k-15k
,四川新网银行股份有限公司,166084,新网银行,150-500人,2019-08-28 17:26:18,高新区,本科,不需要融资,金融,业务运维工程师,10k-20k
,北京创锐文化传媒有限公司,53,聚美优品,2000人以上,2019-09-19 11:06:37,高新区,本科,上市公司,电商,PHP高级架构师（底层）,20k-30k
,成都安舟信息技术有限公司,171565,安舟信息,15-50人,2019-09-18 15:50:31,高新区,大专,未融资,信息安全,逆向分析工程师,8k-15k
,成都安舟信息技术有限公司,171565,安舟信息,15-50人,2019-09-18 15:50:31,高新区,本科,未融资,信息安全,测试工程师,6k-10k
,北京陌陌科技有限公司,129,陌陌,500-2000人,2019-09-18 15:38:54,武侯区,本科,上市公司,社交,【2020校招】反垃圾策略分析师/数据分析师,10k-20k
,成都无糖信息技术有限公司,249048,无糖信息,50-150人,2019-08-30 11:15:39,高新区,不限,A轮,"信息安全,数据服务",渗透测试工程师,15k-30k
,广州多益网络股份有限公司,589,多益网络,500-2000人,2019-09-19 10:02:29,高新区,不限,不需要融资,"移动互联网,游戏",技术美术/TA,13k-26k
,成都二十三魔方生物科技有限公司,62218,23魔方,50-150人,2019-09-03 09:48:38,高新区,硕士,B轮,"医疗丨健康,数据服务",生物信息工程师/基因数据分析师 （流程维护/数据质,15k-30k
['跳伞塔'],四川万益能源科技有限公司,168812,万益能源,50-150人,2019-09-19 10:34:10,武侯区,本科,不需要融资,"企业服务,数据服务",运维主管,10k-20k
"['四川大学', '盐市口']",成都尚云依图智能科技有限公司,531184,尚云依图,少于15人,2019-09-11 11:13:34,锦江区,大专,未融资,"数据服务,人工智能",实施运维岗位,4k-8k
,成都宜行宜停科技有限公司,312982,宜行宜停,150-500人,2019-09-10 08:20:22,高新区,大专,不需要融资,移动互联网,数据工程师,9k-15k
,上海华钦信息科技股份有限公司,142626,CLPS,500-2000人,2019-09-20 12:21:43,高新区,不限,未融资,"数据服务,金融",Engineer,10k-18k
,北京领创智信科技有限公司,73573,北京领创智信科技有限公司,500-2000人,2019-09-03 15:30:53,武侯区,本科,B轮,移动互联网,反欺诈经理,10k-20k
,咪咕文化科技有限公司,213786,咪咕,2000人以上,2019-08-30 09:46:09,高新区,本科,不需要融资,"移动互联网,文娱丨内容",测试工程师,15k-20k
,四川锦程消费金融有限责任公司,111480,锦程消费金融公司,150-500人,2019-09-18 14:20:56,高新区,本科,未融资,金融,运维工程师,10k-20k
,四川海无疆信息科技有限公司,539896,海无疆,15-50人,2019-09-16 09:47:11,高新区,大专,天使轮,"信息安全,硬件",中级运维,9k-11k
,四川新网银行股份有限公司,166084,新网银行,150-500人,2019-08-28 17:26:20,高新区,硕士,不需要融资,金融,大数据算法工程师,15k-30k
['金泉'],四川骏逸富顿科技有限公司,39625,富顿,150-500人,2019-09-06 14:35:10,金牛区,本科,B轮,"移动互联网,医疗丨健康",运维工程师,5k-8k
,成都市映潮科技股份有限公司,22485,映潮科技,50-150人,2019-09-18 17:12:00,高新区,本科,未融资,数据服务,数据分析师-挖掘方向,8k-15k
,成都斯沃茨科技有限公司,116684,Swartz,15-50人,2019-09-12 09:58:56,高新区,本科,A轮,"移动互联网,其他",运维工程师,10k-15k
,四川省亚中医疗仪器有限责任公司,188633,亚中医疗,150-500人,2019-09-19 11:31:41,武侯区,本科,未融资,医疗丨健康,实施顾问（SXG0017）,5k-10k
,成都臻识科技发展有限公司,79939,臻识科技,50-150人,2019-09-12 09:39:13,武侯区,硕士,A轮,移动互联网,深度学习算法工程师,15k-25k
,成都木头人科技有限公司,481702,木头人,15-50人,2019-09-10 10:41:34,高新区,大专,不需要融资,"移动互联网,游戏",CDN游戏运维,8k-15k
,北京领创智信科技有限公司,73573,北京领创智信科技有限公司,500-2000人,2019-09-03 15:34:58,武侯区,本科,B轮,移动互联网,贷中策略分析,10k-20k
,杭州创匠信息科技有限公司,149353,创匠科技,150-500人,2019-09-12 10:44:17,高新区,本科,不需要融资,移动互联网,架构师,20k-30k
,四川汉科计算机信息技术有限公司,83902,四川汉科,150-500人,2019-09-06 09:57:14,高新区,硕士,不需要融资,移动互联网,AI算法工程师,13k-20k
,成都宽邦科技有限公司,182860,宽邦（BigQuant）,50-150人,2019-09-05 15:40:02,高新区,本科,不需要融资,"金融,数据服务",数据工程师,12k-18k
,深圳街电科技有限公司,587210,街电科技,500-2000人,2019-09-05 10:45:57,高新区,本科,A轮,"消费生活,汽车丨出行",运维工程师,20k-25k
,深圳凯撒网络科技有限公司,145391,凯撒文化,500-2000人,2019-09-20 09:19:21,高新区,大专,上市公司,"游戏,移动互联网",Erlang程序员,6k-12k
,新拓尼克（成都）有限公司,307059,Syntronic,500-2000人,2019-09-17 10:39:32,高新区,本科,不需要融资,"硬件,企业服务",嵌入式软件开发工程师,10K-12K
,深圳街电科技有限公司,587210,街电科技,500-2000人,2019-09-05 10:45:57,高新区,不限,A轮,"消费生活,汽车丨出行",大数据运维工程师,20k-25k
,深圳街电科技有限公司,587210,街电科技,500-2000人,2019-09-05 10:45:56,高新区,本科,A轮,"消费生活,汽车丨出行",高级测试工程师,13k-15k
,贵州云腾未来科技有限公司,569030,云腾未来,50-150人,2019-09-02 17:38:46,高新区,本科,不需要融资,其他,云计算实施工程师,8k-15k
"['沙河源', '双水碾', '凤凰山']",四川文轩在线电子商务有限公司,54974,文轩在线,150-500人,2019-09-20 09:15:44,金牛区,本科,不需要融资,电商,数据产品经理,10k-20k
,成都科来软件有限公司,63063,科来,150-500人,2019-08-29 17:04:21,高新区,本科,A轮,"企业服务,其他",售后实施工程师,8k-10k
['中和'],四川优越典教育咨询有限公司,508225,四川优越典教育,150-500人,2019-09-10 10:07:08,高新区,本科,未融资,教育,运维总监,20k-30k
,枫国宏利信息科技服务（成都）有限公司,23834,宏利金融全球服务中心,150-500人,2019-09-20 16:04:32,高新区,不限,上市公司,金融,大数据开发工程师,13k-22k
,成都浮游科技有限公司,447340,浮游智旅,15-50人,2019-09-19 11:49:56,高新区,本科,不需要融资,"移动互联网,旅游",后端开发工程师,7k-10k
,成都探玖信息技术服务有限公司,753577,探玖信息,150-500人,2019-09-08 10:34:49,武侯区,本科,未融资,软件开发,测试工程师,10k-18k
,成都赤轮动画设计有限公司,160724,cgturbo studio,15-50人,2019-09-19 16:53:45,高新区,本科,不需要融资,"游戏,其他",UE4开发工程师,8k-16k
,成都融义慧教育科技有限公司,586514,成都融义慧教育科技有限公司,少于15人,2019-08-29 11:00:21,金牛区,本科,未融资,教育,开发维优工程师（4-6K，具体面谈）—1人,4k-6k
,成都陌陌科技有限公司,20965,陌陌科技,500-2000人,2019-09-19 15:58:42,高新区,本科,上市公司,移动互联网,后端开发工程师,15k-25k
,四川锦程消费金融有限责任公司,111480,锦程消费金融公司,150-500人,2019-09-18 14:20:56,高新区,本科,未融资,金融,数据模型岗,10k-20k
,成都智诚创梦信息技术有限公司,70075,智诚创梦,少于15人,2019-09-06 15:42:04,高新区,本科,不需要融资,"移动互联网,消费生活",人工智能算法,15k-25k
,成都东方闻道科技发展有限公司,63836,东方闻道,150-500人,2019-09-05 10:28:42,高新区,本科,不需要融资,"移动互联网,教育",服务管理与支持专员,3k-5k
,上海兰飞鱼广告有限公司成都分公司,171653,睿狮博斐,50-150人,2019-09-04 17:42:01,高新区,本科,不需要融资,"移动互联网,广告营销",PHP DEVELOPER,8k-12k
"['小天竺', '跳伞塔']",普华永道中天会计师事务所（特殊普通合伙）北京分所,44032,PWC,2000人以上,2019-09-03 16:42:55,武侯区,本科,不需要融资,金融,顾问/高级顾问 - 数据分析 - 风险与控制_成都,8k-10k
,成都万创科技有限责任公司,97878,成都万创,50-150人,2019-08-30 12:20:58,武侯区,本科,上市公司,"移动互联网,硬件",软件部经理（架构方向）,10k-20k
"['玉林', '小天竺', '跳伞塔']",北京弘合柏基金融信息服务有限责任公司,1992,有利网,2000人以上,2019-08-23 10:04:05,武侯区,本科,不需要融资,金融,数据建模主管,15k-20k
"['玉林', '小天竺', '跳伞塔']",北京弘合柏基金融信息服务有限责任公司,1992,有利网,2000人以上,2019-08-23 10:04:05,武侯区,不限,不需要融资,金融,数据建模主管 (MJ000444),15k-20k
,成都金琥珀文化艺术有限公司,239153,金琥珀,50-150人,2019-09-03 17:27:08,高新区,硕士,不需要融资,游戏,视觉算法研究员,20k-40k
,成都云卫康医疗科技有限公司,42018,云卫康,50-150人,2019-09-20 14:52:00,高新区,不限,A轮,"移动互联网,医疗丨健康",PPG算法工程师,6k-8k
,成都东方闻道科技发展有限公司,63836,东方闻道,150-500人,2019-09-05 10:28:42,高新区,本科,不需要融资,"移动互联网,教育",运营数据分析,3k-5k
"['蜀汉路', '金沙', '黄忠']",成都维客昕微电子有限公司,47361,维客昕微,15-50人,2019-09-20 11:19:50,金牛区,本科,天使轮,医疗丨健康,算法工程师,6k-8k
,成都微银合创科技有限公司,91136,微银合创,15-50人,2019-09-19 12:28:36,高新区,本科,不需要融资,"企业服务,金融",开发工程师实习生,4k-8k
,杭州华三通信技术有限公司,12299,H3C,2000人以上,2019-09-06 11:43:12,双流县,本科,不需要融资,"硬件,数据服务",存储研发工程师,15k-30k
,成都索尔亿驰科技有限公司,747617,索尔亿驰,少于15人,2019-09-19 13:51:07,高新区,本科,未融资,软件开发,php开发工程师,10k-18k
['犀浦'],成都华律网络服务有限公司,6820,华律网,150-500人,2019-09-04 17:25:18,郫县,大专,不需要融资,电商,.net开发工程师,6k-8k
,成都云卫康医疗科技有限公司,42018,云卫康,50-150人,2019-09-19 11:06:52,高新区,不限,A轮,"移动互联网,医疗丨健康",算法工程师,12k-15k
"['双楠', '簇桥']",四川东走西走国际旅行社有限公司,238942,四川东走西走,50-150人,2019-09-20 14:22:23,武侯区,大专,不需要融资,"消费生活,移动互联网",高级web前端开发工程师,10k-20k
['红星路'],上海禹为通信技术有限公司,178066,上海禹为通信,15-50人,2019-09-17 16:12:01,锦江区,本科,未融资,"数据服务,硬件",C/C++,9k-14k
,因为科技无锡股份有限公司,342991,因为科技,50-150人,2019-09-14 10:47:12,高新区,硕士,未融资,"移动互联网,数据服务",工程师,30k-48k
"['成龙路', '四川师大', '柳江']",成都若翼网络科技有限公司,111849,RUOYI,15-50人,2019-09-20 18:47:53,锦江区,本科,不需要融资,"移动互联网,企业服务",高级java开发工程师,10k-15k
,成都数字探索科技有限公司,539237,数字探索,少于15人,2019-09-19 07:58:55,高新区,不限,不需要融资,企业服务,后端开发工程师,8k-12k
,成都西加云杉科技有限公司,36913,西加云杉,150-500人,2019-09-16 09:04:35,高新区,本科,不需要融资,移动互联网,大数据开发工程师,10k-12k
,成都安世亚太科技有限公司,362253,成都安世亚太,50-150人,2019-09-12 16:35:58,锦江区,本科,未融资,其他,c++开发工程师,12k-20k
"['石羊', '创业路', '火车南站']",成都余香信息科技有限公司,37924,成都余香,50-150人,2019-09-10 09:47:03,武侯区,本科,B轮,移动互联网,游戏开发工程师（2020届毕业生）,8k-12k
['猛追湾'],白小白成都科技有限公司,740129,白小白,50-150人,2019-09-19 17:36:29,成华区,本科,未融资,电商,java高级工程师,15k-18k
,四川蓝普斯科信息技术有限公司,260233,SnapBI,15-50人,2019-09-16 11:32:59,高新区,本科,未融资,"企业服务,信息安全",软件开发工程师,2k-4k
,深圳元核云技术有限公司,148297,元核云,15-50人,2019-09-04 09:01:53,高新区,本科,A轮,"移动互联网,企业服务",存储运维开发工程师,8k-11k
,成都晓多科技有限公司,85491,成都晓多科技有限公司,500-2000人,2019-09-20 16:42:22,高新区,本科,B轮,"企业服务,数据服务",大数据开发实习生,4k-5k
,紫金诚大数据信用管理有限公司,580426,紫金诚,15-50人,2019-09-14 11:29:12,武侯区,本科,不需要融资,"金融,企业服务",技术部经理,20k-35k
,长沙顺瑞网络科技有限公司,505455,顺瑞科技,15-50人,2019-09-10 09:52:05,武侯区,本科,未融资,"移动互联网,游戏",前端开发工程师,10k-15k
,可赢互娱科技（成都）有限公司,457564,可赢互娱,15-50人,2019-09-21 12:19:55,武侯区,本科,天使轮,游戏,COCOS手游开发（实习生）,2k-3k
,成都飞欧比网络科技有限公司,217045,飞欧比科技,少于15人,2019-09-17 09:36:44,高新区,本科,不需要融资,移动互联网,运维工程师,6k-12k
,成都微联云智科技有限责任公司,81820,微联云智,少于15人,2019-09-11 14:25:54,高新区,本科,未融资,"移动互联网,数据服务",开发经理,15k-20k
,成都蓝莓时节科技有限公司,394493,蓝莓时节,15-50人,2019-09-19 18:37:26,武侯区,本科,A轮,"移动互联网,社交",反作弊工程师,12k-15k
['二仙桥'],成都智信电子技术有限公司,140408,成都智信电子技术有限公司,15-50人,2019-09-19 11:18:36,成华区,本科,天使轮,"医疗丨健康,数据服务",算法工程师,7k-10k
,成都三方元科技有限公司,198380,三方元科技,50-150人,2019-09-09 10:24:20,高新区,大专,不需要融资,其他,脚本工程师,7k-10k
,四川阿凡达信息技术有限公司,106917,四川阿凡达信息技术有限公司,15-50人,2019-08-26 10:41:22,武侯区,本科,不需要融资,"移动互联网,企业服务",区块链开发技术总监,40k-60k
,成都懂你科技有限公司,194331,懂你,少于15人,2019-09-22 10:00:27,高新区,不限,不需要融资,"硬件,电商",数据识别实习生,2k-4k
,成都懂你科技有限公司,194331,懂你,少于15人,2019-09-22 10:00:27,高新区,不限,不需要融资,"硬件,电商",数据采集实习生,2k-4k
['华阳'],成都厚立信息技术有限公司,174026,厚立信息,50-150人,2019-09-20 18:22:09,高新区,本科,天使轮,"医疗丨健康,数据服务",数据分析师,13k-16k
"['四川大学', '跳伞塔', '磨子桥']",北京茹来智能科技有限公司,462185,茹来智能,15-50人,2019-09-16 10:40:26,武侯区,本科,A轮,人工智能,运维工程师,13k-18k
,成都小象科技有限公司,219126,小象科技,15-50人,2019-09-19 13:09:05,高新区,本科,未融资,"移动互联网,电商",AI算法工程师,7k-14k
"['石羊', '火车南站']",成都鹏业软件股份有限公司,88059,鹏业软件,150-500人,2019-09-19 09:37:20,高新区,大专,未融资,"移动互联网,旅游",web前端开发工程师,6k-10k
,成都费恩格尔微电子技术有限公司,579830,Fingertec,50-150人,2019-08-27 09:15:22,高新区,硕士,未融资,硬件 通讯电子,算法工程师,15k-25k
,北京永洪商智科技有限公司,28014,永洪科技,150-500人,2019-09-20 16:05:13,高新区,本科,C轮,企业服务,项目管培生,3k-5k
,成都思鸿维科技有限责任公司,422925,思鸿维科技,50-150人,2019-09-17 15:44:26,高新区,本科,未融资,硬件,初级Labview工程师,4k-8k
,成都颐生科技有限公司,300934,羊爸爸,50-150人,2019-09-09 14:29:20,高新区,本科,天使轮,"教育,医疗丨健康",移动应用开发,10k-15k
"['草堂', '光华']",四川新东网信息技术有限公司,35877,四川新东网,500-2000人,2019-09-17 16:56:30,青羊区,大专,上市公司,移动互联网,运维工程师,6k-9k
,北京畅捷通支付技术有限公司四川分公司,211250,畅捷通,50-150人,2019-09-19 10:02:36,高新区,大专,上市公司,"移动互联网,金融",前端开发工程师,11k-16k
['高升桥'],新华三云计算技术有限公司,380076,新华三云计算,500-2000人,2019-09-11 22:07:55,武侯区,本科,不需要融资,"移动互联网,数据服务",云计算测试开发工程师,12k-24k
"['玉林', '四川大学', '浆洗街']",成都华西公用医疗信息服务有限公司,458608,成都华西公用医疗信息服务有限公司,150-500人,2019-09-03 12:05:48,武侯区,本科,不需要融资,"移动互联网,医疗丨健康",系统工程师,6k-12k
,成都魔方元科技有限公司,589707,成都魔方元科技,50-150人,2019-09-04 10:44:01,锦江区,本科,C轮,企业服务,java开发工程师,15k-20k
"['红牌楼', '高升桥']",成都冰蓝科技有限公司,466723,冰蓝科技,50-150人,2019-09-18 15:35:30,武侯区,大专,不需要融资,其他,高级测试开发工程师,10k-15k
,成都懂你科技有限公司,194331,懂你,少于15人,2019-09-22 10:00:27,高新区,不限,不需要融资,"硬件,电商",数据挖掘实习生,2k-4k
,中非电子商务有限公司,321358,中非网,150-500人,2019-09-06 18:02:40,武侯区,大专,A轮,"电商,企业服务",web前端开发工程师,10k-15k
,成都小象科技有限公司,219126,小象科技,15-50人,2019-09-19 13:09:10,高新区,本科,未融资,"移动互联网,电商",机器视觉算法工程师,7k-14k
,成都微联云智科技有限责任公司,81820,微联云智,少于15人,2019-09-11 14:25:54,高新区,本科,未融资,"移动互联网,数据服务",人工智能算法工程师,15k-20k
,成都恒视通科技有限公司,327290,成都恒视通,15-50人,2019-09-20 18:12:42,高新区,大专,不需要融资,"移动互联网,信息安全",c++,10k-15k
['望江路'],成都基准方中建筑设计有限公司,381213,基准方中,2000人以上,2019-08-28 10:51:41,锦江区,本科,不需要融资,其他,.net开发工程师,10k-20k
['保和'],上海锐成信息科技有限公司,28106,锐成科技,15-50人,2019-09-09 21:10:36,成华区,本科,天使轮,"移动互联网,文娱丨内容",系统运维工程师,6k-12k
,四川小众聚合网络科技有限公司,251444,小众聚合,15-50人,2019-09-16 14:21:58,高新区,不限,未融资,"移动互联网,消费生活",平台架构师,18k-20k
,成都链安科技有限公司,364845,链安科技,15-50人,2019-09-20 09:40:14,武侯区,不限,A轮,"移动互联网,信息安全",实习安全工程师,2k-3k
['双楠'],平安财富理财管理有限公司成都分公司,662421,平安财富理财,500-2000人,2019-09-20 08:42:18,武侯区,大专,未融资,金融,数据专员,3k-6k
,成都陌云科技有限公司,21662,陌云科技,150-500人,2019-09-20 11:21:43,高新区,本科,C轮,移动互联网,嵌入式软件工程师,8k-15k
"['牛王庙', '三圣']",成都翼动无疆科技有限公司,355516,翼动无疆,50-150人,2019-09-19 11:22:34,锦江区,硕士,未融资,移动互联网,图像识别工程师,10k-20k
['桂溪'],成都久信信息技术股份有限公司,204906,成都久信,50-150人,2019-09-16 13:44:05,武侯区,本科,未融资,"移动互联网,信息安全",渗透测试工程师,6k-12k
,成都通甲优博科技有限责任公司,84985,通甲优博,50-150人,2019-09-03 09:50:21,双流县,本科,A轮,"移动互联网,数据服务",深度学习算法工程师,10k-20k
,微入（上海）商贸有限公司,485995,微投VTOU,15-50人,2019-09-19 16:51:04,高新区,硕士,不需要融资,"金融,人工智能",量化策略实习生,2k-3k
,成都云卫康医疗科技有限公司,42018,云卫康,50-150人,2019-09-19 11:06:52,高新区,本科,A轮,"移动互联网,医疗丨健康",PPG算法实习生,6k-8k
,枫国宏利信息科技服务（成都）有限公司,23834,宏利金融全球服务中心,150-500人,2019-09-20 16:04:32,高新区,不限,上市公司,金融,大数据运维,10k-20k
['中和'],澳新银行营运服务（成都）有限公司,209168,澳新银行,500-2000人,2019-09-19 14:13:05,高新区,本科,上市公司,"金融,其他",软件开发实习生（6个月实习）,2k-3k
,成都优译信息技术有限公司,86244,成都优译信息技术,50-150人,2019-09-18 13:35:56,高新区,大专,A轮,"移动互联网,数据服务",java开发工程师,6k-8k
,四川掌上时代科技有限公司,127770,41邦电商,15-50人,2019-09-18 15:53:07,高新区,本科,未融资,"消费生活,企业服务",Scrum Master,15k-24k
['中和'],成都心流网络科技有限公司,491651,心流科技,15-50人,2019-09-05 14:15:47,高新区,不限,天使轮,游戏,Golang开发工程师,12k-20k
,成都掌沃无限科技有限公司,85404,掌沃无限,50-150人,2019-09-17 14:24:24,高新区,本科,不需要融资,游戏,服务器实习生,3k-6k
,哈曼（中国）投资有限公司成都分公司,358832,哈曼,2000人以上,2019-08-29 11:21:20,龙泉驿区,本科,上市公司,移动互联网,高级C++工程师_导航,10k-18k
"['桂溪', '桐梓林']",国信优易数据有限公司,61844,国信优易,500-2000人,2019-09-19 11:21:09,武侯区,本科,B轮,数据服务,中级前端工程师,7k-12k
"['牛王庙', '牛市口']",成都维立方科技有限公司,92589,维立方,15-50人,2019-09-09 20:39:42,锦江区,不限,未融资,"移动互联网,电商",web前端开发工程师,3k-6k
,成都五舟汉云科技有限公司,152458,五舟汉云,15-50人,2019-09-16 10:50:14,郫县,大专,未融资,"移动互联网,数据服务",Java开发工程师,6k-8k
['犀浦'],上海易宝软件有限公司南京分公司,24066,上海易宝,150-500人,2019-09-21 19:16:56,郫县,本科,未融资,移动互联网,运维工程师,10k-18k
,成都睿沿科技有限公司,353807,睿沿科技,50-150人,2019-09-20 09:27:48,高新区,硕士,不需要融资,企业服务,算法实习生,5k-10k
,上海一起作业信息科技有限公司,36031,一起教育科技,2000人以上,2019-09-20 10:05:33,高新区,本科,D轮及以上,"移动互联网,教育",开发测试实习-base成都（技术平台）,4k-6k
,优软互联（北京）科技有限公司,305821,优软互联,15-50人,2019-09-09 13:54:23,武侯区,本科,天使轮,"企业服务,金融",交易所运维,6k-12k
,成都卡莱博尔信息技术股份有限公司,23268,卡莱博尔,50-150人,2019-09-05 09:47:27,高新区,本科,C轮,"企业服务,数据服务",算法工程师,9k-17k
['华阳'],成都厚立信息技术有限公司,174026,厚立信息,50-150人,2019-09-20 18:22:11,高新区,硕士,天使轮,"医疗丨健康,数据服务",数据科学家,18k-24k
,新电信息科技（成都）有限公司,69471,NCS,500-2000人,2019-09-20 09:06:16,高新区,本科,不需要融资,企业服务,IT Support Intern,2k-3k
,重庆瓦岗瓦舍酒店企业管理有限公司,107669,行李旅宿,150-500人,2019-09-16 11:24:33,武侯区,本科,A轮,旅游,用户平台运营负责人,6k-12k
"['牛王庙', '三圣']",成都翼动无疆科技有限公司,355516,翼动无疆,50-150人,2019-09-12 15:09:49,锦江区,大专,未融资,移动互联网,web前端工程师,5k-8k
,中电健康云科技有限公司,357265,中电健康云,50-150人,2019-09-17 15:49:03,高新区,本科,不需要融资,"医疗丨健康,信息安全",资深实施运维工程师,18k-36k
,成都无外谱数科技有限公司,324635,CDA数据分析(成都)研究院,15-50人,2019-09-16 05:43:59,高新区,本科,不需要融资,"教育,数据服务",培训讲师,20k-40k
,成都乐珂科技有限公司,308374,成都乐珂科技有限公司,少于15人,2019-09-10 14:42:04,高新区,本科,天使轮,企业服务,解决方案工程师,8k-16k
['小天竺'],四川万特达科技有限责任公司,759464,万特达,50-150人,2019-09-19 14:51:38,武侯区,不限,未融资,"硬件,数据服务",运维工程师,15k-25k
,因为科技无锡股份有限公司,342991,因为科技,50-150人,2019-09-18 15:46:14,高新区,硕士,未融资,"移动互联网,数据服务",图像算法,24k-40k
,四川特力飞科技有限公司,82782533,特力飞,50-150人,2019-09-04 17:15:00,高新区,大专,未融资,"数据服务,软件开发",中级前端开发,9k-13k
['柳城'],成都新西软科技有限公司,31714,新西软,15-50人,2019-09-02 18:11:56,温江区,本科,天使轮,"电商,消费生活",Java,10k-15k
,北京富能通科技有限公司,306540,富能通,50-150人,2019-08-30 15:57:47,高新区,本科,未融资,"企业服务,数据服务",后端C++开发工程师,12k-20k
,成都拓尔思信息技术有限公司,317188,成都拓尔思,150-500人,2019-09-18 14:18:37,高新区,硕士,上市公司,"信息安全,数据服务",人工智能NLP实习生,6k-8k
,成都市股先生金融科技有限公司,132973,股先生金融科技有限公司,500-2000人,2019-09-15 16:34:42,高新区,大专,不需要融资,"移动互联网,金融",运维工程师,5k-10k
,四川省电科互联网加产业技术研究院有限公司,311508,电子科大互联网加产业研究院,15-50人,2019-09-18 10:46:03,高新区,本科,不需要融资,"移动互联网,消费生活",中级爬虫工程师,8k-12k
,北京瀚思安信科技有限公司成都分公司,126203,HanSight成都研发中心,150-500人,2019-09-06 10:31:07,高新区,本科,C轮,"企业服务,数据服务",安全攻防研究员,18k-36k
['中和'],成都双倍游戏科技有限公司,173519,双倍游戏,50-150人,2019-09-21 23:35:14,高新区,本科,不需要融资,"移动互联网,游戏",初级服务器程序,5k-8k
,成都睿沿科技有限公司,353807,睿沿科技,50-150人,2019-08-27 11:02:11,高新区,硕士,不需要融资,企业服务,视觉算法研究员,20k-40k
,成都拓尔思信息技术有限公司,317188,成都拓尔思,150-500人,2019-09-18 14:18:36,高新区,硕士,上市公司,"信息安全,数据服务",人工智能-图像识别实习生,6k-12k
,马上消费金融股份有限公司,136443,马上金融,2000人以上,2019-09-17 19:54:07,高新区,本科,不需要融资,"金融,移动互联网",语音识别算法工程师（2020届校招-成都）,8k-16k
"['双楠', '高升桥']",深圳罗与克拉松科技有限公司,553234,罗与克拉松,500-2000人,2019-08-29 13:05:42,武侯区,本科,不需要融资,"移动互联网,社交",数据分析专家,30k-55k
,竞技世界（成都）网络技术有限公司,191328,竞技世界,500-2000人,2019-09-09 13:52:36,金牛区,本科,未融资,游戏,AI算法工程师,20k-30k
['犀浦'],上海易宝软件有限公司南京分公司,24066,上海易宝,150-500人,2019-09-21 19:16:54,郫县,本科,未融资,移动互联网,自动化测试,12k-17k
,成都众智鼎辉科技有限公司,305185,众智鼎辉,15-50人,2019-09-12 11:24:20,武侯区,本科,未融资,"移动互联网,硬件",运维负责人,20k-40k
,乐立杯投资管理（四川）有限公司,432008,乐立杯,15-50人,2019-09-19 09:41:08,高新区,不限,未融资,电商,网页开发设计师,6k-10k
,北京数集科技有限公司,280787,灵集科技,50-150人,2019-08-30 16:13:02,武侯区,本科,A轮,"数据服务,广告营销",nlp算法专家,15k-25k
,成都浮游科技有限公司,447340,浮游智旅,15-50人,2019-09-17 18:25:06,高新区,本科,不需要融资,"移动互联网,旅游",测试工程师,5k-7k
,纽昂司软件技术（北京）有限公司,40015,Nuance,2000人以上,2019-09-04 16:23:51,高新区,本科,上市公司,"移动互联网,数据服务",Data Engineer Intern,3k-4k
,四川准达信息技术股份有限公司,390642,四川准达,2000人以上,2019-08-30 09:20:49,高新区,本科,不需要融资,"移动互联网,数据服务",云计算运维交付工程师,9k-18k
,博世（上海）安保系统有限公司成都高新分公司,426226,博世安保,150-500人,2019-09-17 10:06:06,高新区,本科,不需要融资,企业服务,数据分析实习生,1k-2k
,成都芯澄科技有限公司,274787,芯澄科技,15-50人,2019-09-03 11:12:58,高新区,大专,天使轮,"移动互联网,信息安全",软件测试工程师（高级）,7k-12k
,成都有明堂互动科技有限公司,73563,有明堂互动,50-150人,2019-09-16 10:37:39,双流县,大专,天使轮,"移动互联网,游戏",运维工程师,4k-6k
,四川吉星海软件技术有限公司,303301,吉星海软件,15-50人,2019-08-26 14:52:25,高新区,本科,未融资,"移动互联网,电商",图像识别工程师,10k-15k
,中电健康云科技有限公司,357265,中电健康云,50-150人,2019-09-17 15:49:11,武侯区,本科,不需要融资,"医疗丨健康,信息安全",数据分析实习生,3k-5k
,成都乐檬互动科技股份有限公司,319055,乐檬股份,50-150人,2019-09-20 10:58:09,高新区,本科,不需要融资,"移动互联网,教育",测试实习生,2k-4k
,成都悦动力网络科技有限责任公司,100260,悦动力科技,15-50人,2019-09-20 09:01:00,高新区,大专,不需要融资,移动互联网,测试工程师,4k-6k
,成都阳明致知科技有限公司,738667,阳明致知,15-50人,2019-09-18 11:39:50,高新区,本科,未融资,人工智能,图像算法工程师,13k-26k
,成都国铁电气设备有限公司,171142,成都国铁电气设备有限公司,150-500人,2019-09-02 14:02:52,双流区,本科,未融资,其他,高级系统运维,7k-12k
,成都源代码教育咨询有限公司,43364,源代码,150-500人,2019-09-16 15:05:12,高新区,本科,不需要融资,教育,软件测试讲师,15k-20k
,成都明兴信息技术有限公司,32648,成都明兴信息技术有限公司,50-150人,2019-08-27 10:43:39,高新区,大专,A轮,"电商,企业服务",QA中级工程师,4k-8k
,深圳天源迪科信息技术股份有限公司成都分公司,301961,天源迪科,2000人以上,2019-09-19 17:24:29,武侯区,本科,上市公司,"移动互联网,企业服务",Web前端实习生（2020届）,2k-4k
,北京瀚思安信科技有限公司成都分公司,126203,HanSight成都研发中心,150-500人,2019-09-06 10:30:56,高新区,不限,C轮,"企业服务,数据服务",Java 大数据平台资深开发工程师,15k-30k
,纬创软件（北京）有限公司武汉分公司,39842,纬创软件,500-2000人,2019-09-16 09:51:19,高新区,本科,上市公司,"金融,数据服务",自动化测试工程师,8k-11k
,成都必盛科技有限公司,314270,必盛科技,50-150人,2019-09-02 22:01:41,高新区,本科,不需要融资,"数据服务,广告营销",大数据工程师,20k-30k
,成都飞鱼星科技股份有限公司,49282,飞鱼星,150-500人,2019-08-26 13:52:17,高新区,大专,上市公司,移动互联网,软件测试工程师,5k-10k
,成都雨诺信息技术有限公司,131720,成都雨诺,15-50人,2019-09-03 15:12:57,武侯区,本科,不需要融资,"移动互联网,数据服务",运维工程师,5k-10k
,成都云帆数联科技有限公司,119461,云帆数联,15-50人,2019-09-18 11:51:06,高新区,本科,未融资,"移动互联网,数据服务",数据分析师,5k-7k
"['桂溪', '桐梓林']",四川名人居门窗有限公司,132622,名人居,500-2000人,2019-09-05 10:46:18,武侯区,大专,未融资,消费生活,大数据分析师,10k-15k
,成都睿沿科技有限公司,353807,睿沿科技,50-150人,2019-08-27 11:02:11,高新区,硕士,不需要融资,企业服务,深度学习算法实习生,4k-8k
,西安润和软件信息技术有限公司,134640,西安润和软件,2000人以上,2019-09-09 13:57:22,高新区,本科,上市公司,"移动互联网,企业服务",自动化测试工程师,9k-13k
,深圳欧翼思特科技有限公司,367102,欧翼思特,15-50人,2019-09-16 19:07:50,武侯区,本科,不需要融资,"移动互联网,其他",Java Junior Engineer,5k-10k
['望江路'],成都基准方中建筑设计有限公司,381213,基准方中,2000人以上,2019-08-28 10:53:30,锦江区,本科,不需要融资,其他,软件测试工程师,7k-10k
,成都觅瑞科技有限公司,174885,成都觅瑞科技,15-50人,2019-08-28 18:22:01,高新区,本科,A轮,硬件,测试工程师,6k-12k
"['桂溪', '桐梓林', '火车南站']",成都亚讯星科实业有限公司,106739,成都亚讯,50-150人,2019-08-28 14:55:55,武侯区,大专,不需要融资,"企业服务,数据服务",中级运维工程师,5k-10k
,西安润和软件信息技术有限公司,134640,西安润和软件,2000人以上,2019-09-03 17:51:53,武侯区,大专,上市公司,"移动互联网,企业服务",数据测试工程师,8k-13k
,成都燃光科技有限公司,287974,燃光科技,150-500人,2019-09-19 09:37:07,武侯区,大专,不需要融资,"移动互联网,游戏",软件测试,5k-10k
,成都西加云杉科技有限公司,36913,西加云杉,150-500人,2019-09-16 09:03:55,高新区,本科,不需要融资,移动互联网,web自动化测试,6k-10k
,四川医帆信息科技有限公司,398599,四川医帆科技有限公司,15-50人,2019-09-18 09:30:03,高新区,大专,不需要融资,医疗丨健康,java后端,10k-15k
,纽昂司软件技术（北京）有限公司,40015,Nuance,2000人以上,2019-09-04 16:23:51,高新区,不限,上市公司,"移动互联网,数据服务",测试实习生,3k-4k
,四川旅鸽科技有限公司,200476,旅鸽,少于15人,2019-08-30 14:40:10,高新区,本科,不需要融资,"医疗丨健康,移动互联网",运维经理,8k-12k
,成都微群聊科技有限公司,570244,成都微群聊科技有限公司,50-150人,2019-09-03 16:14:49,高新区,大专,未融资,移动互联网,dba数据库,20k-35k
,成都必盛科技有限公司,314270,必盛科技,50-150人,2019-09-02 22:01:57,高新区,硕士,不需要融资,"数据服务,广告营销",深度学习算法,20k-30k
,成都知道创宇信息技术有限公司,53142,知道创宇,500-2000人,2019-09-03 13:37:30,高新区,本科,C轮,信息安全,中级服务器端（Python）研发工程师,6k-12k
,成都知道创宇信息技术有限公司,53142,知道创宇,500-2000人,2019-09-19 10:17:24,高新区,本科,C轮,信息安全,Python 实习生(J10306),4k-5k
,成都新希望金融科技有限公司,388913,希望金科,150-500人,2019-09-19 16:42:56,武侯区,本科,不需要融资,"移动互联网,金融",高级应用开发工程师（后端）G00098,15k-25k
['太升路'],易智瑞（中国）信息技术有限公司,33854,Esri 中国,150-500人,2019-09-20 16:13:38,青羊区,本科,未融资,"企业服务,数据服务",webgis开发工程师,10k-15k
,OPPO广东移动通信有限公司,6927,OPPO,2000人以上,2019-09-18 17:49:33,武侯区,本科,不需要融资,硬件,Web引擎开发工程师（成都）,15k-30k
,OPPO广东移动通信有限公司,6927,OPPO,2000人以上,2019-09-18 17:49:34,武侯区,本科,不需要融资,硬件,配置开发工程师（CME-成都）,15k-30k
['石羊'],四川无声信息技术有限公司,40916,无声,150-500人,2019-09-20 16:48:24,高新区,不限,不需要融资,信息安全,Linux研发工程师,12k-15k
,成都娄外科技有限公司,281404,西瓜创客,500-2000人,2019-09-18 09:05:37,高新区,不限,B轮,教育,后端开发工程师,10k-20k
,成都新希望金融科技有限公司,388913,希望金科,150-500人,2019-09-19 16:42:57,高新区,本科,不需要融资,"移动互联网,金融",运维开发工程师G00094,15k-25k
,浙江企朋网络技术股份有限公司,210,企朋,150-500人,2019-09-20 14:30:55,高新区,不限,不需要融资,"移动互联网,电商",前端开发工程师 (MJ000627),12k-20k
,成都知道创宇信息技术有限公司,53142,知道创宇,500-2000人,2019-09-19 11:18:21,高新区,不限,C轮,信息安全,C/C++开发工程师(J10056),15k-28k
['石羊'],四川无声信息技术有限公司,40916,无声,150-500人,2019-09-20 16:48:25,高新区,本科,不需要融资,信息安全,PHP,7k-10k
['石羊'],四川无声信息技术有限公司,40916,无声,150-500人,2019-09-20 16:48:26,高新区,本科,不需要融资,信息安全,java开发工程师,8k-15k
,北京字节跳动科技有限公司,62,字节跳动,2000人以上,2019-09-22 06:34:55,高新区,本科,C轮,文娱丨内容,算法工程师,20k-40k
,成都知道创宇信息技术有限公司,53142,知道创宇,500-2000人,2019-09-19 10:17:24,高新区,不限,C轮,信息安全,技术经理(J10403),20k-30k
,成都娄外科技有限公司,281404,西瓜创客,500-2000人,2019-09-18 09:05:37,高新区,不限,B轮,教育,运维开发工程师,15k-30k
,中建电子商务有限责任公司,122086,中建电商,150-500人,2019-09-20 13:03:55,高新区,本科,不需要融资,"移动互联网,电商",Java开发工程师,15k-25k
,成都新希望金融科技有限公司,388913,希望金科,150-500人,2019-09-19 16:42:57,武侯区,不限,不需要融资,"移动互联网,金融",Java工程师G00090,15k-25k
,腾讯科技（深圳）有限公司,451,腾讯,2000人以上,2019-09-10 17:13:55,高新区,本科,上市公司,社交,php高级开发工程师,20k-40k
"['四川大学', '科华北路', '磨子桥']",北京奇艺世纪科技有限公司,1686,爱奇艺,2000人以上,2019-09-20 09:18:23,武侯区,本科,上市公司,文娱丨内容,Feed流推荐算法工程师,20k-40k
,腾讯科技（深圳）有限公司,451,腾讯,2000人以上,2019-09-04 16:51:00,高新区,本科,上市公司,社交,高级游戏测试开发工程师,15k-30k
,北京奇艺世纪科技有限公司,1686,爱奇艺,2000人以上,2019-09-21 23:50:13,武侯区,硕士,上市公司,文娱丨内容,图像/视频算法资深工程师/研究员,20k-35k
,成都佳明航电科技有限公司,125483,GARMIN佳明,2000人以上,2019-09-20 16:00:59,高新区,不限,上市公司,"移动互联网,通讯电子",软件测试助理工程师（C#优先）,4k-6k
"['四川大学', '科华北路', '磨子桥']",北京奇艺世纪科技有限公司,1686,爱奇艺,2000人以上,2019-09-20 09:18:22,武侯区,本科,上市公司,文娱丨内容,个性化推荐算法,20k-40k
,北京奇艺世纪科技有限公司,1686,爱奇艺,2000人以上,2019-09-20 16:37:49,武侯区,不限,上市公司,文娱丨内容,游戏算法工程师,12k-20k
,成都新希望金融科技有限公司,388913,希望金科,150-500人,2019-09-19 16:42:56,高新区,本科,不需要融资,"移动互联网,金融",数据治理工程师G00119,12k-15k
,成都新希望金融科技有限公司,388913,希望金科,150-500人,2019-09-19 16:42:55,高新区,硕士,不需要融资,"移动互联网,金融",风险模型工程师G00133,15k-20k
,北京字节跳动科技有限公司,62,字节跳动,2000人以上,2019-09-22 06:40:52,高新区,本科,C轮,文娱丨内容,前端开发leader,30k-60k
,北京字节跳动科技有限公司,62,字节跳动,2000人以上,2019-09-22 06:40:52,高新区,本科,C轮,文娱丨内容,后端开发leader,30k-60k
,OPPO广东移动通信有限公司,6927,OPPO,2000人以上,2019-09-21 16:38:44,高新区,大专,不需要融资,硬件,运维工程师助理（成都）,6k-10k
,成都新希望金融科技有限公司,388913,希望金科,150-500人,2019-09-19 16:42:55,高新区,本科,不需要融资,"移动互联网,金融",高级安全工程师G00132,18k-28k
,钛马信息网络技术有限公司,38932,钛马车联网,150-500人,2019-09-20 10:48:10,高新区,本科,B轮,"移动互联网,数据服务",openstack工程师,10k-20k
,成都新希望金融科技有限公司,388913,希望金科,150-500人,2019-09-19 16:42:57,高新区,本科,不需要融资,"移动互联网,金融",大数据运维工程师G00072,15k-25k
,成都新希望金融科技有限公司,388913,希望金科,150-500人,2019-09-19 16:42:57,高新区,硕士,不需要融资,"移动互联网,金融",NLP 算法工程师G00116,20k-30k
,瑞数信息技术（上海）有限公司,57260,瑞数信息,150-500人,2019-09-19 10:05:11,高新区,本科,C轮,信息安全,安全测试工程师,10k-20k
,四川长虹电器股份有限公司,95229,四川长虹电器股份有限公司,2000人以上,2019-09-20 13:15:15,高新区,本科,上市公司,硬件,"""信息安全 工程师（安全开发）""",10k-15k
,钛马信息网络技术有限公司,38932,钛马车联网,150-500人,2019-09-20 10:48:10,高新区,本科,B轮,"移动互联网,数据服务",运维架构师,16k-25k
,成都路行通信息技术有限公司,54687,路行通,500-2000人,2019-09-20 10:00:41,高新区,本科,不需要融资,"移动互联网,消费生活",深度学习算法工程师（时间序列预测方向）,20k-40k
"['公平', '涌泉']",成都延华西部健康医疗信息产业研究院有限公司,522562,延华医疗研究院,150-500人,2019-09-19 17:02:06,温江区,本科,上市公司,"移动互联网,医疗丨健康",高级大数据工程师,10k-20k
,成都蜗牛创想科技有限公司,176248,信息技术、软件开发、测试及应用,50-150人,2019-09-19 14:36:28,高新区,本科,不需要融资,"移动互联网,教育",测试讲师,12k-18k
,北京网思科平科技有限公司,64490,网思科平,50-150人,2019-09-20 16:39:38,高新区,大专,C轮,"信息安全,数据服务",安全分析师,8k-16k
,瑞数信息技术（上海）有限公司,57260,瑞数信息,150-500人,2019-09-19 10:05:11,高新区,本科,C轮,信息安全,安全工程师,10k-20k
,时时同云科技（成都）有限责任公司,242106,时时同云科技（成都）有限责任公司,2000人以上,2019-09-21 09:14:45,高新区,本科,C轮,"移动互联网,消费生活",测试工程师（自动化 ）,8k-15k
['猛追湾'],上海证大喜马拉雅网络科技有限公司,1373,喜马拉雅,500-2000人,2019-09-20 09:40:14,成华区,本科,D轮及以上,"移动互联网,文娱丨内容",测试工程师,6k-12k
"['公平', '涌泉']",成都延华西部健康医疗信息产业研究院有限公司,522562,延华医疗研究院,150-500人,2019-09-19 17:02:05,温江区,本科,上市公司,"移动互联网,医疗丨健康",初级ETL工程师,4k-7k
"['跳伞塔', '磨子桥', '四川大学']",北京奇艺世纪科技有限公司,1686,爱奇艺,2000人以上,2019-09-21 23:50:01,武侯区,本科,上市公司,文娱丨内容,算法专家（NLP/音频等方向）-成都研发中心,30k-50k
,成都路行通信息技术有限公司,54687,路行通,500-2000人,2019-09-20 10:00:12,高新区,本科,不需要融资,"移动互联网,消费生活",运维工程师（大数据方向）,15k-25k
,成都新希望金融科技有限公司,388913,希望金科,150-500人,2019-09-19 16:42:57,锦江区,本科,不需要融资,"移动互联网,金融",风险政策经理G00109,15k-25k
,成都网信天成科技有限公司,147419,网信天成,15-50人,2019-09-19 09:22:19,高新区,本科,不需要融资,"移动互联网,电商",云计算架构师,20k-28k
,成都路行通信息技术有限公司,54687,路行通,500-2000人,2019-09-20 10:00:42,高新区,本科,不需要融资,"移动互联网,消费生活",数据分析师（碰撞场景探索与建模方向）,14k-20k
"['机投桥', '金花桥']",四川弘和通讯有限公司,16815,四川弘和集团,150-500人,2019-09-20 17:57:50,武侯区,本科,未融资,移动互联网,计算机视觉算法工程师,18k-22k
,四川惠商信息科技有限公司,319523,惠商科技,2000人以上,2019-09-20 10:36:50,武侯区,本科,不需要融资,金融,风控模型总监,15k-30k
"['公平', '涌泉']",成都延华西部健康医疗信息产业研究院有限公司,522562,延华医疗研究院,150-500人,2019-09-19 17:02:06,温江区,本科,上市公司,"移动互联网,医疗丨健康",自然语言处理,15k-25k
,成都新希望金融科技有限公司,388913,希望金科,150-500人,2019-09-19 16:42:57,锦江区,本科,不需要融资,"移动互联网,金融",高级风险政策经理G00027,18k-35k
"['机投桥', '金花桥']",四川弘和通讯有限公司,16815,四川弘和集团,150-500人,2019-09-20 17:57:49,武侯区,硕士,未融资,移动互联网,客服算法/NLP算法工程师,20k-35k
,四川惠商信息科技有限公司,319523,惠商科技,2000人以上,2019-09-20 10:36:50,高新区,本科,不需要融资,金融,资产分析师（大数据中心）,10k-15k
,成都娄外科技有限公司,281404,西瓜创客,500-2000人,2019-09-18 09:05:37,高新区,本科,B轮,教育,数据分析工程师,15k-25k
,成都路行通信息技术有限公司,54687,路行通,500-2000人,2019-09-20 10:00:40,高新区,本科,不需要融资,"移动互联网,消费生活",深度学习算法工程师（空间轨迹挖掘方向）,20k-40k
,时时同云科技（成都）有限责任公司,242106,时时同云科技（成都）有限责任公司,2000人以上,2019-09-11 12:41:07,高新区,本科,C轮,"移动互联网,消费生活",高级测试工程师,18k-25k
['猛追湾'],上海证大喜马拉雅网络科技有限公司,1373,喜马拉雅,500-2000人,2019-09-20 09:40:13,成华区,本科,D轮及以上,"移动互联网,文娱丨内容",运维工程师,10k-20k
,成都数之联科技有限公司,58647,成都数之联科技有限公司,150-500人,2019-09-16 16:42:44,高新区,本科,B轮,"移动互联网,数据服务",大数据架构师,20k-30k
,北京字节跳动科技有限公司,62,字节跳动,2000人以上,2019-09-22 06:34:58,高新区,本科,C轮,文娱丨内容,算法leader,30k-60k
['肖家河'],成都市肆零肆网络科技有限公司,199953,成都肆零肆,50-150人,2019-09-20 17:53:12,武侯区,本科,未融资,"信息安全,数据服务",大数据运维,8k-16k
,成都二次元动漫有限公司,147086,二次元动漫,150-500人,2019-09-20 10:21:23,高新区,本科,不需要融资,"移动互联网,文娱丨内容",cto首席技术官,28k-35k
"['机投桥', '金花桥']",四川弘和通讯有限公司,16815,四川弘和集团,150-500人,2019-09-20 17:57:50,武侯区,本科,未融资,移动互联网,软件测试工程师,6k-9k
,四川惠商信息科技有限公司,319523,惠商科技,2000人以上,2019-09-20 10:08:30,高新区,本科,不需要融资,金融,软件测试工程师（中高级）,7k-10k
,成都尼毕鲁科技股份有限公司,6868,tap4fun,500-2000人,2019-09-11 14:55:06,高新区,本科,不需要融资,游戏,游戏服务器开发,15k-30k
,成都蜗牛创想科技有限公司,176248,信息技术、软件开发、测试及应用,50-150人,2019-09-19 14:36:28,高新区,本科,不需要融资,"移动互联网,教育",信息安全高级讲师,20k-30k
,腾讯科技（深圳）有限公司,451,腾讯,2000人以上,2019-09-04 16:50:59,高新区,本科,上市公司,社交,游戏测试工程师,15k-25k
,成都尼毕鲁科技股份有限公司,6868,tap4fun,500-2000人,2019-09-11 14:55:05,高新区,本科,不需要融资,游戏,游戏服务器开发实习生,6k-8k
,四川惠商信息科技有限公司,319523,惠商科技,2000人以上,2019-09-20 10:08:31,高新区,本科,不需要融资,金融,数据运营分析师,10k-15k
,北京字节跳动科技有限公司,62,字节跳动,2000人以上,2019-09-22 06:48:31,高新区,本科,C轮,文娱丨内容,数据分析师,25k-50k
,成都大农科技有限公司,427326,大农科技,50-150人,2019-09-16 09:44:32,高新区,本科,未融资,移动互联网,嵌入式软件工程师,20k-40k
,瑞数信息技术（上海）有限公司,57260,瑞数信息,150-500人,2019-09-19 10:05:12,高新区,本科,C轮,信息安全,安全研究员（逆向/移动安全）,10k-20k
"['创业路', '神仙树', '紫荆']",成都四方伟业软件股份有限公司,47102,四方伟业,500-2000人,2019-09-19 09:18:21,武侯区,大专,不需要融资,移动互联网,SQLServer DBA,15k-20k
,时时同云科技（成都）有限责任公司,242106,时时同云科技（成都）有限责任公司,2000人以上,2019-09-04 17:58:22,高新区,本科,C轮,"移动互联网,消费生活",配置管理工程师&amp;DevOps工程师(J13110),15k-25k
['猛追湾'],上海证大喜马拉雅网络科技有限公司,1373,喜马拉雅,500-2000人,2019-09-20 09:40:12,成华区,本科,D轮及以上,"移动互联网,文娱丨内容",网络运维主管（硬件工程师）,6k-12k
,成都知道创宇信息技术有限公司,53142,知道创宇,500-2000人,2019-09-19 10:17:24,高新区,本科,C轮,信息安全,测试工程师(J10361),8k-12k
,广州多益网络股份有限公司,589,多益网络,500-2000人,2019-09-19 10:02:29,高新区,不限,不需要融资,"移动互联网,游戏",游戏测试工程师,5k-6k
,成都娄外科技有限公司,281404,西瓜创客,500-2000人,2019-09-18 09:05:37,高新区,不限,B轮,教育,DBA,15k-25k
,成都二十三魔方生物科技有限公司,62218,23魔方,50-150人,2019-09-03 09:48:38,高新区,本科,B轮,"医疗丨健康,数据服务",机器学习工程师,10k-20k
"['机投桥', '金花桥']",四川弘和通讯有限公司,16815,四川弘和集团,150-500人,2019-09-20 17:57:49,武侯区,本科,未融资,移动互联网,数据部经理,8k-15k
,成都知道创宇信息技术有限公司,53142,知道创宇,500-2000人,2019-09-19 10:17:25,高新区,不限,C轮,信息安全,架构师(J10376),15k-25k
,成都娄外科技有限公司,281404,西瓜创客,500-2000人,2019-09-18 09:05:36,高新区,不限,B轮,教育,商业分析师/经营分析师,15k-30k
['肖家河'],成都市肆零肆网络科技有限公司,199953,成都肆零肆,50-150人,2019-09-20 17:53:12,武侯区,不限,未融资,"信息安全,数据服务",大数据处理,6k-10k
,成都极米科技股份有限公司,25709,极米科技,500-2000人,2019-09-14 14:38:09,高新区,本科,D轮及以上,"电商,硬件",应用测试工程师,8k-12k
,时时同云科技（成都）有限责任公司,242106,时时同云科技（成都）有限责任公司,2000人以上,2019-08-30 09:44:15,高新区,本科,C轮,"移动互联网,消费生活",配置管理工程师/DevOps工程师,10k-20k
,时时同云科技（成都）有限责任公司,242106,时时同云科技（成都）有限责任公司,2000人以上,2019-09-04 17:58:22,高新区,本科,C轮,"移动互联网,消费生活",高级运维经理(J11770),25k-40k
,成都二十三魔方生物科技有限公司,62218,23魔方,50-150人,2019-09-03 09:48:37,高新区,硕士,B轮,"医疗丨健康,数据服务",研究员-遗传疾病,15k-25k
,成都二十三魔方生物科技有限公司,62218,23魔方,50-150人,2019-09-03 09:48:37,高新区,本科,B轮,"医疗丨健康,数据服务",遗传研究员助理,3k-5k
,成都新希望金融科技有限公司,388913,希望金科,150-500人,2019-09-19 16:42:55,高新区,本科,不需要融资,"移动互联网,金融",信贷策略分析师G00096,12k-18k
,时时同云科技（成都）有限责任公司,242106,时时同云科技（成都）有限责任公司,2000人以上,2019-08-30 09:44:15,高新区,本科,C轮,"移动互联网,消费生活",测试工程师(接口),10k-15k
,时时同云科技（成都）有限责任公司,242106,时时同云科技（成都）有限责任公司,2000人以上,2019-09-04 17:58:22,高新区,本科,C轮,"移动互联网,消费生活",高级运维工程师(J11474),18k-28k
,时时同云科技（成都）有限责任公司,242106,时时同云科技（成都）有限责任公司,2000人以上,2019-08-30 09:44:15,高新区,本科,C轮,"移动互联网,消费生活",运维构架师,20k-30k
,成都市映潮科技股份有限公司,22485,映潮科技,50-150人,2019-09-18 17:11:59,高新区,本科,未融资,数据服务,初级数据分析师（技术方向）,5k-7k
,成都二十三魔方生物科技有限公司,62218,23魔方,50-150人,2019-09-03 09:48:38,高新区,本科,B轮,"医疗丨健康,数据服务",测试工程师,9k-14k
,杭州初灵信息技术股份有限公司,150192,初灵信息,500-2000人,2019-09-04 15:10:04,高新区,本科,上市公司,"移动互联网,数据服务",大数据运维工程师,10k-15k
,杭州初灵信息技术股份有限公司,150192,初灵信息,500-2000人,2019-09-04 15:10:03,高新区,本科,上市公司,"移动互联网,数据服务",高级测试工程师,10k-15k
,杭州初灵信息技术股份有限公司,150192,初灵信息,500-2000人,2019-09-04 15:10:03,高新区,本科,上市公司,"移动互联网,数据服务",初级测试工程师,5k-7k
,杭州初灵信息技术股份有限公司,150192,初灵信息,500-2000人,2019-09-04 15:10:03,高新区,本科,上市公司,"移动互联网,数据服务",大数据测试工程师,8k-15k
,成都二十三魔方生物科技有限公司,62218,23魔方,50-150人,2019-09-03 09:48:37,高新区,不限,B轮,"医疗丨健康,数据服务",药物反应研究员,10k-16k
,四川新网银行股份有限公司,166084,新网银行,150-500人,2019-08-28 17:26:19,高新区,硕士,不需要融资,金融,风险建模分析师,15k-30k
['中和'],成都娄外科技有限公司,281404,西瓜创客,500-2000人,2019-09-18 09:05:36,武侯区,本科,B轮,教育,数据分析师,10k-20k
,成都卓杭网络科技股份有限公司,134300,成都卓杭,150-500人,2019-09-12 13:26:57,高新区,本科,不需要融资,"移动互联网,游戏",【校招】大数据开发工程师,9k-11k
,四川生学教育科技有限公司,98121,生学教育,150-500人,2019-09-05 10:48:32,高新区,本科,A轮,"移动互联网,教育",高级DBA,15k-20k
,四川新网银行股份有限公司,166084,新网银行,150-500人,2019-08-28 17:26:19,高新区,硕士,不需要融资,金融,大数据算法专家,20k-40k
,四川新网银行股份有限公司,166084,新网银行,150-500人,2019-08-28 17:26:20,高新区,本科,不需要融资,金融,数据分析师,15k-30k
,四川生学教育科技有限公司,98121,生学教育,150-500人,2019-09-05 10:48:32,高新区,大专,A轮,"移动互联网,教育",DBA（数据管理员）,10k-16k
,四川新网银行股份有限公司,166084,新网银行,150-500人,2019-08-28 17:26:19,高新区,本科,不需要融资,金融,反欺诈策略分析师,10k-20k
,四川新网银行股份有限公司,166084,新网银行,150-500人,2019-08-28 17:26:18,高新区,本科,不需要融资,金融,配置与容量管理,10k-20k
"['玉林', '小天竺', '跳伞塔']",北京弘合柏基金融信息服务有限责任公司,1992,有利网,2000人以上,2019-08-23 10:04:05,武侯区,不限,不需要融资,金融,风险管理高级经理 (MJ000447),25k-40k
,腾讯科技（深圳）有限公司,451,腾讯,2000人以上,2019-09-04 16:51:00,高新区,本科,上市公司,社交,游戏测试经理,20k-35k
,腾讯科技（深圳）有限公司,451,腾讯,2000人以上,2019-09-04 16:51:00,高新区,本科,上市公司,社交,25927-游戏测试经理（成都）,15k-30k
,腾讯科技（深圳）有限公司,451,腾讯,2000人以上,2019-09-04 16:51:00,高新区,本科,上市公司,社交,25927-移动游戏安全专项测试（成都）,15k-30k
,杭州初灵信息技术股份有限公司,150192,初灵信息,500-2000人,2019-09-04 15:10:04,高新区,本科,上市公司,"移动互联网,数据服务",大数据分析师,7k-10k
,杭州初灵信息技术股份有限公司,150192,初灵信息,500-2000人,2019-09-04 15:10:04,高新区,本科,上市公司,"移动互联网,数据服务",初级大数据分析师,5k-7k
"['玉林', '小天竺', '跳伞塔']",北京弘合柏基金融信息服务有限责任公司,1992,有利网,2000人以上,2019-08-23 10:04:05,武侯区,本科,不需要融资,金融,数据分析专员,8k-12k
,成都懂你科技有限公司,194331,懂你,少于15人,2019-09-22 10:00:27,高新区,不限,不需要融资,"硬件,电商",数据分析实习生,2k-4k
,成都新希望金融科技有限公司,388913,希望金科,150-500人,2019-09-19 16:42:56,高新区,本科,不需要融资,"移动互联网,金融",信贷策略助理分析师G00095,8k-15k
,成都新希望金融科技有限公司,388913,希望金科,150-500人,2019-09-19 16:42:56,高新区,硕士,不需要融资,"移动互联网,金融",风险模型/分析/策略G00124,11k-13k
,成都安舟信息技术有限公司,171565,安舟信息,15-50人,2019-09-18 15:50:30,高新区,硕士,未融资,信息安全,物联网安全研究工程师,10k-20k
,成都知道创宇信息技术有限公司,53142,知道创宇,500-2000人,2019-09-19 10:17:23,高新区,本科,C轮,信息安全,安全研究实习生(J10351),4k-6k
,中建电子商务有限责任公司,122086,中建电商,150-500人,2019-09-20 12:34:02,高新区,本科,不需要融资,"移动互联网,电商",后端开发实习生,3k-4k
